2020-03-01,Montana,4bf58dd8d48988d113951735,Gas Stations,106.0,114.0,105.0,1
2020-03-01,Montana,4bf58dd8d48988d118951735,Grocery Stores,103.0,112.0,103.0,2
2020-03-01,Montana,4bf58dd8d48988d116941735,Bars,73.0,74.0,73.0,3
2020-03-01,Montana,52f2ab2ebcbc57f1066b8b42,Big Box Stores,109.0,94.0,109.0,4
2020-03-01,Montana,4bf58dd8d48988d16e941735,Fast Food Restaurants,114.0,110.0,114.0,5
2020-03-01,Montana,4bf58dd8d48988d14e941735,American Restaurants,103.0,118.0,102.0,6
2020-03-01,Montana,4bf58dd8d48988d1fa931735,Hotels,68.0,55.0,69.0,7
2020-03-01,Montana,50327c8591d4c4b30a586d5d,Breweries,94.0,125.0,93.0,8
2020-03-01,Montana,4bf58dd8d48988d112951735,Hardware Stores,116.0,97.0,117.0,9
2020-03-01,Montana,52e816a6bcbc57f1066b7a54,Warehouse Stores,121.0,110.0,122.0,10
2020-03-01,Montana,4bf58dd8d48988d1e0931735,Coffee Shops,104.0,108.0,104.0,11
2020-03-01,Montana,4bf58dd8d48988d1ff941735,Miscellaneous Shops,112.0,141.0,111.0,12
2020-03-01,Montana,4d954b0ea243a5684a65b473,Convenience Stores,96.0,"",96.0,13
2020-03-01,Montana,4bf58dd8d48988d1ca941735,Pizza Places,95.0,"",96.0,14
2020-03-01,Montana,4bf58dd8d48988d163941735,Parks,112.0,"",112.0,15
2020-03-01,Montana,4bf58dd8d48988d1f6941735,Department Stores,116.0,"",116.0,16
2020-03-01,Montana,4bf58dd8d48988d13d941735,High Schools,133.0,"",134.0,17
2020-03-01,Montana,4bf58dd8d48988d1ed931735,Airports,73.0,"",73.0,18
2020-03-01,Montana,4bf58dd8d48988d1c5941735,Sandwich Places,120.0,"",120.0,19
2020-03-01,Montana,4bf58dd8d48988d1c4941735,Restaurants,92.0,"",92.0,20
2020-03-01,Montana,4bf58dd8d48988d1cc941735,Steakhouses,98.0,"",98.0,21
2020-03-01,Montana,4bf58dd8d48988d10f951735,Pharmacies,107.0,128.0,106.0,22
2020-03-01,Montana,4bf58dd8d48988d1e9941735,Ski Areas,41.0,"",41.0,22
2020-03-01,Montana,4bf58dd8d48988d1c1941735,Mexican Restaurants,80.0,"",79.0,23
2020-03-01,Montana,4bf58dd8d48988d1fd941735,Shopping Malls,124.0,"",124.0,24
2020-03-01,Montana,4bf58dd8d48988d16c941735,Burger Joints,97.0,"",96.0,25
2020-03-01,Montana,4bf58dd8d48988d1e6941735,Golf Courses,103.0,"",104.0,26
2020-03-01,Montana,4bf58dd8d48988d16d941735,Cafés,93.0,"",93.0,27
2020-03-01,Montana,4bf58dd8d48988d17c941735,Casinos,107.0,"",108.0,28
2020-03-01,Montana,4bf58dd8d48988d196941735,Hospitals,103.0,"",104.0,29
2020-03-01,Montana,4bf58dd8d48988d1f2941735,Sporting Goods Shops,101.0,"",99.0,30
2020-03-01,Montana,4bf58dd8d48988d159941735,Trails,116.0,"",116.0,31
2020-03-01,Montana,4bf58dd8d48988d1fb931735,Motels,102.0,"",103.0,32
2020-03-01,Montana,4bf58dd8d48988d161941735,Lakes,115.0,"",115.0,33
2020-03-01,Montana,4bf58dd8d48988d124951735,Automotive Shops,123.0,"",123.0,34
2020-03-01,Montana,4bf58dd8d48988d17f941735,Movie Theaters,110.0,"",111.0,35
2020-03-01,Montana,4eb1c0ed3b7b52c0e1adc2ea,Ski Chairlifts,125.0,"",125.0,36
2020-03-01,Montana,4bf58dd8d48988d118941735,Dive Bars,123.0,"",122.0,36
2020-03-02,Montana,4bf58dd8d48988d113951735,Gas Stations,106.0,108.0,106.0,1
2020-03-02,Montana,4bf58dd8d48988d118951735,Grocery Stores,106.0,102.0,107.0,2
2020-03-02,Montana,4bf58dd8d48988d16e941735,Fast Food Restaurants,109.0,111.0,109.0,3
2020-03-02,Montana,4bf58dd8d48988d116941735,Bars,69.0,64.0,69.0,4
2020-03-02,Montana,52f2ab2ebcbc57f1066b8b42,Big Box Stores,116.0,112.0,116.0,5
2020-03-02,Montana,4bf58dd8d48988d14e941735,American Restaurants,105.0,105.0,105.0,6
2020-03-02,Montana,4bf58dd8d48988d1fa931735,Hotels,65.0,65.0,65.0,7
2020-03-02,Montana,50327c8591d4c4b30a586d5d,Breweries,102.0,109.0,102.0,8
2020-03-02,Montana,4bf58dd8d48988d112951735,Hardware Stores,122.0,128.0,121.0,9
2020-03-02,Montana,4bf58dd8d48988d1e0931735,Coffee Shops,105.0,93.0,106.0,10
2020-03-02,Montana,4bf58dd8d48988d196941735,Hospitals,100.0,109.0,100.0,11
2020-03-02,Montana,4bf58dd8d48988d1ff941735,Miscellaneous Shops,109.0,125.0,108.0,12
2020-03-02,Montana,4bf58dd8d48988d13d941735,High Schools,119.0,131.0,119.0,13
2020-03-02,Montana,4bf58dd8d48988d1ed931735,Airports,79.0,85.0,79.0,14
2020-03-02,Montana,4bf58dd8d48988d163941735,Parks,112.0,113.0,112.0,15
2020-03-02,Montana,4d954b0ea243a5684a65b473,Convenience Stores,96.0,89.0,97.0,16
2020-03-02,Montana,4bf58dd8d48988d1ca941735,Pizza Places,100.0,99.0,100.0,17
2020-03-02,Montana,4bf58dd8d48988d177941735,Doctor's Offices,99.0,101.0,99.0,18
2020-03-02,Montana,52e816a6bcbc57f1066b7a54,Warehouse Stores,116.0,121.0,115.0,19
2020-03-02,Montana,4bf58dd8d48988d172941735,Post Offices,122.0,113.0,123.0,20
2020-03-02,Montana,4bf58dd8d48988d1c5941735,Sandwich Places,112.0,115.0,112.0,21
2020-03-02,Montana,4bf58dd8d48988d10f951735,Pharmacies,100.0,80.0,102.0,22
2020-03-02,Montana,4bf58dd8d48988d1c1941735,Mexican Restaurants,83.0,"",84.0,23
2020-03-02,Montana,4bf58dd8d48988d176941735,Gyms,109.0,"",109.0,24
2020-03-02,Montana,4bf58dd8d48988d1c4941735,Restaurants,98.0,"",99.0,25
2020-03-02,Montana,4bf58dd8d48988d10a951735,Banks,126.0,"",130.0,26
2020-03-02,Montana,4bf58dd8d48988d124951735,Automotive Shops,112.0,172.0,108.0,27
2020-03-02,Montana,4bf58dd8d48988d16c941735,Burger Joints,111.0,"",112.0,28
2020-03-02,Montana,4bf58dd8d48988d1f6941735,Department Stores,120.0,"",122.0,29
2020-03-02,Montana,4bf58dd8d48988d1fb931735,Motels,103.0,"",103.0,30
2020-03-02,Montana,4eb1c1623b7b52c0e1adc2ec,Auto Dealerships,119.0,"",118.0,31
2020-03-02,Montana,4bf58dd8d48988d1cc941735,Steakhouses,99.0,"",98.0,31
2020-03-02,Montana,4bf58dd8d48988d1ae941735,Universities,122.0,"",122.0,32
2020-03-02,Montana,4bf58dd8d48988d1e9941735,Ski Areas,45.0,"",44.0,33
2020-03-02,Montana,4bf58dd8d48988d124941735,Offices,73.0,"",72.0,34
2020-03-02,Montana,4bf58dd8d48988d16d941735,Cafés,101.0,"",101.0,35
2020-03-02,Montana,4bf58dd8d48988d1e6941735,Golf Courses,98.0,"",99.0,36
2020-03-02,Montana,4bf58dd8d48988d17c941735,Casinos,121.0,"",118.0,37
2020-03-02,Montana,4f4533804b9074f6e4fb0105,Elementary Schools,108.0,"",106.0,38
2020-03-02,Montana,4bf58dd8d48988d13b941735,Schools,34.0,"",34.0,39
2020-03-02,Montana,4bf58dd8d48988d175941735,Gyms or Fitness Centers,42.0,"",41.0,40
2020-03-02,Montana,4bf58dd8d48988d1f2941735,Sporting Goods Shops,114.0,"",113.0,41
2020-03-02,Montana,4bf58dd8d48988d159941735,Trails,102.0,"",102.0,42
2020-03-03,Montana,4bf58dd8d48988d113951735,Gas Stations,103.0,104.0,103.0,1
2020-03-03,Montana,4bf58dd8d48988d118951735,Grocery Stores,106.0,101.0,106.0,2
2020-03-03,Montana,4bf58dd8d48988d116941735,Bars,76.0,69.0,77.0,3
2020-03-03,Montana,4bf58dd8d48988d16e941735,Fast Food Restaurants,110.0,110.0,110.0,4
2020-03-03,Montana,52f2ab2ebcbc57f1066b8b42,Big Box Stores,119.0,111.0,119.0,5
2020-03-03,Montana,4bf58dd8d48988d14e941735,American Restaurants,104.0,91.0,106.0,6
2020-03-03,Montana,4bf58dd8d48988d1fa931735,Hotels,60.0,52.0,60.0,7
2020-03-03,Montana,50327c8591d4c4b30a586d5d,Breweries,101.0,118.0,100.0,8
2020-03-03,Montana,4bf58dd8d48988d1e0931735,Coffee Shops,102.0,93.0,103.0,9
2020-03-03,Montana,4bf58dd8d48988d112951735,Hardware Stores,105.0,92.0,107.0,10
2020-03-03,Montana,4bf58dd8d48988d13d941735,High Schools,111.0,142.0,109.0,11
2020-03-03,Montana,4bf58dd8d48988d196941735,Hospitals,86.0,94.0,85.0,12
2020-03-03,Montana,4d954b0ea243a5684a65b473,Convenience Stores,109.0,108.0,109.0,13
2020-03-03,Montana,4bf58dd8d48988d177941735,Doctor's Offices,100.0,78.0,102.0,14
2020-03-03,Montana,4bf58dd8d48988d1ff941735,Miscellaneous Shops,92.0,95.0,92.0,15
2020-03-03,Montana,4bf58dd8d48988d1ca941735,Pizza Places,107.0,105.0,107.0,16
2020-03-03,Montana,4bf58dd8d48988d1c5941735,Sandwich Places,113.0,126.0,112.0,17
2020-03-03,Montana,4bf58dd8d48988d1ed931735,Airports,79.0,67.0,80.0,18
2020-03-03,Montana,4bf58dd8d48988d163941735,Parks,94.0,83.0,94.0,19
2020-03-03,Montana,4bf58dd8d48988d1c1941735,Mexican Restaurants,92.0,85.0,93.0,20
2020-03-03,Montana,52e816a6bcbc57f1066b7a54,Warehouse Stores,109.0,100.0,110.0,21
2020-03-03,Montana,4bf58dd8d48988d10f951735,Pharmacies,116.0,113.0,116.0,21
2020-03-03,Montana,4bf58dd8d48988d176941735,Gyms,98.0,"",99.0,22
2020-03-03,Montana,4bf58dd8d48988d10a951735,Banks,125.0,122.0,125.0,23
2020-03-03,Montana,4bf58dd8d48988d1c4941735,Restaurants,109.0,"",110.0,24
2020-03-03,Montana,4bf58dd8d48988d172941735,Post Offices,95.0,99.0,95.0,25
2020-03-03,Montana,4bf58dd8d48988d124951735,Automotive Shops,104.0,111.0,104.0,26
2020-03-03,Montana,4bf58dd8d48988d16c941735,Burger Joints,114.0,"",114.0,27
2020-03-03,Montana,4bf58dd8d48988d16d941735,Cafés,119.0,111.0,120.0,27
2020-03-03,Montana,4eb1c1623b7b52c0e1adc2ec,Auto Dealerships,116.0,132.0,115.0,28
2020-03-03,Montana,4bf58dd8d48988d175941735,Gyms or Fitness Centers,48.0,"",48.0,29
2020-03-03,Montana,4bf58dd8d48988d1cc941735,Steakhouses,92.0,"",92.0,29
2020-03-03,Montana,4bf58dd8d48988d1e6941735,Golf Courses,112.0,132.0,110.0,30
2020-03-03,Montana,4bf58dd8d48988d1ae941735,Universities,99.0,"",99.0,31
2020-03-03,Montana,4f4533804b9074f6e4fb0105,Elementary Schools,108.0,"",109.0,32
2020-03-03,Montana,4bf58dd8d48988d1f6941735,Department Stores,118.0,"",119.0,33
2020-03-03,Montana,4bf58dd8d48988d124941735,Offices,71.0,"",70.0,34
2020-03-03,Montana,4bf58dd8d48988d13b941735,Schools,25.0,"",25.0,35
2020-03-03,Montana,4bf58dd8d48988d1fb931735,Motels,90.0,"",91.0,36
2020-03-03,Montana,5bae9231bedf3950379f89cb,Inns,125.0,"",126.0,37
2020-03-03,Montana,4bf58dd8d48988d17c941735,Casinos,133.0,"",134.0,38
2020-03-03,Montana,4bf58dd8d48988d1f2941735,Sporting Goods Shops,113.0,"",112.0,39
2020-03-03,Montana,4bf58dd8d48988d159941735,Trails,115.0,"",115.0,40
2020-03-03,Montana,4bf58dd8d48988d12b941735,Courthouses,127.0,"",127.0,41
2020-03-03,Montana,4bf58dd8d48988d12f951735,Resorts,134.0,"",139.0,42
2020-03-03,Montana,4bf58dd8d48988d161941735,Lakes,89.0,"",89.0,43
2020-03-04,Montana,4bf58dd8d48988d113951735,Gas Stations,100.0,101.0,100.0,1
2020-03-04,Montana,4bf58dd8d48988d118951735,Grocery Stores,101.0,101.0,101.0,2
2020-03-04,Montana,4bf58dd8d48988d116941735,Bars,75.0,71.0,76.0,3
2020-03-04,Montana,4bf58dd8d48988d16e941735,Fast Food Restaurants,101.0,104.0,101.0,4
2020-03-04,Montana,4bf58dd8d48988d14e941735,American Restaurants,94.0,96.0,94.0,5
2020-03-04,Montana,52f2ab2ebcbc57f1066b8b42,Big Box Stores,100.0,96.0,100.0,6
2020-03-04,Montana,4bf58dd8d48988d1fa931735,Hotels,67.0,69.0,66.0,7
2020-03-04,Montana,50327c8591d4c4b30a586d5d,Breweries,97.0,100.0,97.0,8
2020-03-04,Montana,4bf58dd8d48988d112951735,Hardware Stores,118.0,114.0,118.0,9
2020-03-04,Montana,4bf58dd8d48988d1e0931735,Coffee Shops,99.0,94.0,100.0,10
2020-03-04,Montana,4bf58dd8d48988d13d941735,High Schools,108.0,110.0,108.0,11
2020-03-04,Montana,4bf58dd8d48988d196941735,Hospitals,94.0,97.0,94.0,12
2020-03-04,Montana,4d954b0ea243a5684a65b473,Convenience Stores,109.0,"",110.0,13
2020-03-04,Montana,4bf58dd8d48988d1ff941735,Miscellaneous Shops,100.0,74.0,102.0,14
2020-03-04,Montana,4bf58dd8d48988d1ca941735,Pizza Places,109.0,116.0,109.0,15
2020-03-04,Montana,4bf58dd8d48988d177941735,Doctor's Offices,112.0,117.0,112.0,16
2020-03-04,Montana,4bf58dd8d48988d1ed931735,Airports,80.0,82.0,80.0,17
2020-03-04,Montana,4bf58dd8d48988d1c1941735,Mexican Restaurants,97.0,89.0,98.0,18
2020-03-04,Montana,4bf58dd8d48988d1c5941735,Sandwich Places,111.0,109.0,111.0,19
2020-03-04,Montana,52e816a6bcbc57f1066b7a54,Warehouse Stores,114.0,116.0,114.0,20
2020-03-04,Montana,4bf58dd8d48988d163941735,Parks,93.0,104.0,92.0,21
2020-03-04,Montana,4bf58dd8d48988d176941735,Gyms,120.0,"",121.0,22
2020-03-04,Montana,4bf58dd8d48988d10f951735,Pharmacies,107.0,99.0,107.0,23
2020-03-04,Montana,4bf58dd8d48988d124951735,Automotive Shops,122.0,126.0,122.0,24
2020-03-04,Montana,4bf58dd8d48988d16d941735,Cafés,122.0,125.0,121.0,25
2020-03-04,Montana,4bf58dd8d48988d1c4941735,Restaurants,100.0,"",101.0,26
2020-03-04,Montana,4bf58dd8d48988d1cc941735,Steakhouses,92.0,115.0,91.0,27
2020-03-04,Montana,4bf58dd8d48988d10a951735,Banks,121.0,163.0,118.0,28
2020-03-04,Montana,4eb1c1623b7b52c0e1adc2ec,Auto Dealerships,128.0,127.0,128.0,29
2020-03-04,Montana,4bf58dd8d48988d172941735,Post Offices,90.0,90.0,90.0,30
2020-03-04,Montana,4bf58dd8d48988d175941735,Gyms or Fitness Centers,49.0,62.0,48.0,31
2020-03-04,Montana,4bf58dd8d48988d1ae941735,Universities,93.0,"",93.0,32
2020-03-04,Montana,4bf58dd8d48988d1fb931735,Motels,109.0,"",110.0,33
2020-03-04,Montana,4f4533804b9074f6e4fb0105,Elementary Schools,102.0,"",101.0,34
2020-03-04,Montana,4bf58dd8d48988d16c941735,Burger Joints,95.0,"",95.0,35
2020-03-04,Montana,4bf58dd8d48988d124941735,Offices,68.0,"",68.0,36
2020-03-04,Montana,5bae9231bedf3950379f89cb,Inns,127.0,"",129.0,37
2020-03-04,Montana,4bf58dd8d48988d1f6941735,Department Stores,104.0,"",103.0,38
2020-03-04,Montana,4bf58dd8d48988d1e6941735,Golf Courses,102.0,126.0,99.0,38
2020-03-04,Montana,4bf58dd8d48988d13b941735,Schools,22.0,"",22.0,39
2020-03-04,Montana,4bf58dd8d48988d110951735,Salons / Barbershops,139.0,"",141.0,40
2020-03-04,Montana,4bf58dd8d48988d147941735,Diners,111.0,"",109.0,41
2020-03-04,Montana,4bf58dd8d48988d1f2941735,Sporting Goods Shops,109.0,"",108.0,42
2020-03-04,Montana,4bf58dd8d48988d1fd941735,Shopping Malls,101.0,"",99.0,43
2020-03-05,Montana,4bf58dd8d48988d113951735,Gas Stations,102.0,97.0,102.0,1
2020-03-05,Montana,4bf58dd8d48988d118951735,Grocery Stores,108.0,107.0,108.0,2
2020-03-05,Montana,4bf58dd8d48988d116941735,Bars,71.0,69.0,71.0,3
2020-03-05,Montana,4bf58dd8d48988d16e941735,Fast Food Restaurants,103.0,99.0,103.0,4
2020-03-05,Montana,4bf58dd8d48988d14e941735,American Restaurants,98.0,93.0,98.0,5
2020-03-05,Montana,52f2ab2ebcbc57f1066b8b42,Big Box Stores,94.0,93.0,94.0,6
2020-03-05,Montana,4bf58dd8d48988d1fa931735,Hotels,62.0,64.0,62.0,7
2020-03-05,Montana,50327c8591d4c4b30a586d5d,Breweries,90.0,92.0,90.0,8
2020-03-05,Montana,4bf58dd8d48988d1e0931735,Coffee Shops,107.0,112.0,107.0,9
2020-03-05,Montana,4bf58dd8d48988d112951735,Hardware Stores,110.0,103.0,110.0,10
2020-03-05,Montana,4bf58dd8d48988d196941735,Hospitals,94.0,90.0,94.0,11
2020-03-05,Montana,4bf58dd8d48988d13d941735,High Schools,99.0,96.0,100.0,12
2020-03-05,Montana,4bf58dd8d48988d1ff941735,Miscellaneous Shops,104.0,115.0,103.0,13
2020-03-05,Montana,4d954b0ea243a5684a65b473,Convenience Stores,101.0,110.0,100.0,14
2020-03-05,Montana,4bf58dd8d48988d1ca941735,Pizza Places,96.0,86.0,97.0,15
2020-03-05,Montana,4bf58dd8d48988d163941735,Parks,100.0,85.0,101.0,16
2020-03-05,Montana,4bf58dd8d48988d177941735,Doctor's Offices,101.0,92.0,102.0,17
2020-03-05,Montana,4bf58dd8d48988d1c1941735,Mexican Restaurants,91.0,97.0,90.0,18
2020-03-05,Montana,4bf58dd8d48988d1c5941735,Sandwich Places,102.0,131.0,101.0,19
2020-03-05,Montana,4bf58dd8d48988d1ed931735,Airports,69.0,79.0,69.0,20
2020-03-05,Montana,52e816a6bcbc57f1066b7a54,Warehouse Stores,99.0,104.0,98.0,21
2020-03-05,Montana,4bf58dd8d48988d10f951735,Pharmacies,105.0,112.0,105.0,22
2020-03-05,Montana,4bf58dd8d48988d16c941735,Burger Joints,117.0,122.0,116.0,23
2020-03-05,Montana,4bf58dd8d48988d1c4941735,Restaurants,101.0,106.0,100.0,24
2020-03-05,Montana,4bf58dd8d48988d176941735,Gyms,108.0,"",109.0,25
2020-03-05,Montana,4bf58dd8d48988d10a951735,Banks,122.0,118.0,122.0,26
2020-03-05,Montana,4bf58dd8d48988d172941735,Post Offices,105.0,114.0,104.0,27
2020-03-05,Montana,4bf58dd8d48988d1cc941735,Steakhouses,95.0,"",95.0,28
2020-03-05,Montana,4bf58dd8d48988d1ae941735,Universities,100.0,"",100.0,29
2020-03-05,Montana,4bf58dd8d48988d16d941735,Cafés,98.0,107.0,97.0,30
2020-03-05,Montana,4eb1c1623b7b52c0e1adc2ec,Auto Dealerships,116.0,"",118.0,31
2020-03-05,Montana,4bf58dd8d48988d124951735,Automotive Shops,98.0,"",98.0,32
2020-03-05,Montana,4bf58dd8d48988d1f6941735,Department Stores,111.0,121.0,110.0,32
2020-03-05,Montana,4bf58dd8d48988d1e9941735,Ski Areas,47.0,"",47.0,33
2020-03-05,Montana,4bf58dd8d48988d1e6941735,Golf Courses,109.0,110.0,109.0,34
2020-03-05,Montana,4bf58dd8d48988d1fb931735,Motels,98.0,"",98.0,35
2020-03-05,Montana,4bf58dd8d48988d124941735,Offices,72.0,"",73.0,36
2020-03-05,Montana,4bf58dd8d48988d175941735,Gyms or Fitness Centers,45.0,"",45.0,37
2020-03-05,Montana,4bf58dd8d48988d147941735,Diners,129.0,"",129.0,38
2020-03-05,Montana,4f4533804b9074f6e4fb0105,Elementary Schools,85.0,"",85.0,39
2020-03-05,Montana,4bf58dd8d48988d1fd941735,Shopping Malls,124.0,"",125.0,40
2020-03-05,Montana,4bf58dd8d48988d1f2941735,Sporting Goods Shops,120.0,"",118.0,41
2020-03-05,Montana,4bf58dd8d48988d17c941735,Casinos,120.0,"",118.0,41
2020-03-05,Montana,5bae9231bedf3950379f89cb,Inns,111.0,"",113.0,42
2020-03-05,Montana,4bf58dd8d48988d161941735,Lakes,106.0,"",105.0,43
2020-03-05,Montana,4bf58dd8d48988d159941735,Trails,104.0,"",102.0,44
2020-03-06,Montana,4bf58dd8d48988d113951735,Gas Stations,105.0,100.0,105.0,1
2020-03-06,Montana,4bf58dd8d48988d118951735,Grocery Stores,97.0,92.0,97.0,2
2020-03-06,Montana,4bf58dd8d48988d116941735,Bars,78.0,79.0,78.0,3
2020-03-06,Montana,4bf58dd8d48988d16e941735,Fast Food Restaurants,100.0,95.0,100.0,4
2020-03-06,Montana,4bf58dd8d48988d14e941735,American Restaurants,96.0,91.0,97.0,5
2020-03-06,Montana,52f2ab2ebcbc57f1066b8b42,Big Box Stores,97.0,83.0,97.0,6
2020-03-06,Montana,4bf58dd8d48988d1fa931735,Hotels,68.0,64.0,68.0,7
2020-03-06,Montana,50327c8591d4c4b30a586d5d,Breweries,98.0,96.0,98.0,8
2020-03-06,Montana,4bf58dd8d48988d1e0931735,Coffee Shops,106.0,116.0,105.0,9
2020-03-06,Montana,4bf58dd8d48988d112951735,Hardware Stores,103.0,101.0,104.0,10
2020-03-06,Montana,4bf58dd8d48988d1ff941735,Miscellaneous Shops,111.0,102.0,111.0,11
2020-03-06,Montana,4d954b0ea243a5684a65b473,Convenience Stores,98.0,86.0,98.0,12
2020-03-06,Montana,4bf58dd8d48988d196941735,Hospitals,97.0,89.0,98.0,12
2020-03-06,Montana,4bf58dd8d48988d13d941735,High Schools,81.0,93.0,81.0,13
2020-03-06,Montana,4bf58dd8d48988d163941735,Parks,117.0,99.0,118.0,14
2020-03-06,Montana,4bf58dd8d48988d1ca941735,Pizza Places,94.0,75.0,95.0,15
2020-03-06,Montana,4bf58dd8d48988d1c5941735,Sandwich Places,106.0,110.0,106.0,16
2020-03-06,Montana,4bf58dd8d48988d1c1941735,Mexican Restaurants,89.0,82.0,90.0,17
2020-03-06,Montana,52e816a6bcbc57f1066b7a54,Warehouse Stores,94.0,82.0,96.0,18
2020-03-06,Montana,4bf58dd8d48988d1ed931735,Airports,65.0,81.0,65.0,19
2020-03-06,Montana,4bf58dd8d48988d177941735,Doctor's Offices,98.0,80.0,100.0,20
2020-03-06,Montana,4bf58dd8d48988d1cc941735,Steakhouses,101.0,106.0,100.0,21
2020-03-06,Montana,4bf58dd8d48988d1c4941735,Restaurants,99.0,"",100.0,21
2020-03-06,Montana,4bf58dd8d48988d10a951735,Banks,131.0,151.0,130.0,22
2020-03-06,Montana,4bf58dd8d48988d10f951735,Pharmacies,87.0,70.0,89.0,22
2020-03-06,Montana,4bf58dd8d48988d16c941735,Burger Joints,112.0,"",113.0,23
2020-03-06,Montana,4bf58dd8d48988d172941735,Post Offices,100.0,100.0,100.0,24
2020-03-06,Montana,4bf58dd8d48988d176941735,Gyms,104.0,142.0,102.0,25
2020-03-06,Montana,4bf58dd8d48988d124951735,Automotive Shops,103.0,113.0,103.0,26
2020-03-06,Montana,4bf58dd8d48988d1e9941735,Ski Areas,46.0,"",47.0,27
2020-03-06,Montana,4eb1c1623b7b52c0e1adc2ec,Auto Dealerships,125.0,"",128.0,28
2020-03-06,Montana,4bf58dd8d48988d1ae941735,Universities,101.0,"",101.0,29
2020-03-06,Montana,4bf58dd8d48988d1fb931735,Motels,120.0,"",121.0,30
2020-03-06,Montana,4bf58dd8d48988d124941735,Offices,84.0,"",84.0,31
2020-03-06,Montana,4bf58dd8d48988d1e6941735,Golf Courses,108.0,119.0,107.0,31
2020-03-06,Montana,4bf58dd8d48988d1f6941735,Department Stores,101.0,"",101.0,32
2020-03-06,Montana,4bf58dd8d48988d16d941735,Cafés,108.0,"",108.0,33
2020-03-06,Montana,4bf58dd8d48988d175941735,Gyms or Fitness Centers,54.0,"",54.0,34
2020-03-06,Montana,4bf58dd8d48988d1f2941735,Sporting Goods Shops,109.0,"",110.0,35
2020-03-06,Montana,5bae9231bedf3950379f89cb,Inns,131.0,"",131.0,36
2020-03-06,Montana,4f4533804b9074f6e4fb0105,Elementary Schools,88.0,"",89.0,37
2020-03-06,Montana,4bf58dd8d48988d1fd941735,Shopping Malls,91.0,"",91.0,38
2020-03-06,Montana,4bf58dd8d48988d159941735,Trails,119.0,"",120.0,39
2020-03-06,Montana,4bf58dd8d48988d161941735,Lakes,104.0,"",105.0,40
2020-03-06,Montana,4bf58dd8d48988d147941735,Diners,105.0,"",105.0,41
2020-03-06,Montana,4bf58dd8d48988d110951735,Salons / Barbershops,125.0,"",126.0,42
2020-03-06,Montana,4bf58dd8d48988d13b941735,Schools,21.0,"",21.0,43
2020-03-06,Montana,4bf58dd8d48988d17c941735,Casinos,80.0,"",81.0,44
2020-03-06,Montana,4eb1c0ed3b7b52c0e1adc2ea,Ski Chairlifts,136.0,"",140.0,45
2020-03-06,Montana,4bf58dd8d48988d118941735,Dive Bars,126.0,"",125.0,46
2020-03-07,Montana,4bf58dd8d48988d113951735,Gas Stations,103.0,107.0,103.0,1
2020-03-07,Montana,4bf58dd8d48988d118951735,Grocery Stores,92.0,91.0,92.0,2
2020-03-07,Montana,4bf58dd8d48988d116941735,Bars,70.0,70.0,70.0,3
2020-03-07,Montana,4bf58dd8d48988d16e941735,Fast Food Restaurants,112.0,122.0,111.0,4
2020-03-07,Montana,4bf58dd8d48988d14e941735,American Restaurants,100.0,106.0,99.0,5
2020-03-07,Montana,52f2ab2ebcbc57f1066b8b42,Big Box Stores,93.0,91.0,93.0,6
2020-03-07,Montana,4bf58dd8d48988d1fa931735,Hotels,64.0,54.0,65.0,7
2020-03-07,Montana,50327c8591d4c4b30a586d5d,Breweries,99.0,111.0,99.0,8
2020-03-07,Montana,4bf58dd8d48988d112951735,Hardware Stores,115.0,107.0,115.0,9
2020-03-07,Montana,4bf58dd8d48988d1e0931735,Coffee Shops,106.0,103.0,106.0,10
2020-03-07,Montana,52e816a6bcbc57f1066b7a54,Warehouse Stores,96.0,96.0,96.0,11
2020-03-07,Montana,4bf58dd8d48988d1ca941735,Pizza Places,102.0,112.0,102.0,12
2020-03-07,Montana,4bf58dd8d48988d13d941735,High Schools,106.0,105.0,106.0,12
2020-03-07,Montana,4bf58dd8d48988d1ff941735,Miscellaneous Shops,107.0,120.0,106.0,13
2020-03-07,Montana,4d954b0ea243a5684a65b473,Convenience Stores,99.0,"",98.0,14
2020-03-07,Montana,4bf58dd8d48988d1c1941735,Mexican Restaurants,89.0,"",89.0,15
2020-03-07,Montana,4bf58dd8d48988d163941735,Parks,105.0,108.0,105.0,15
2020-03-07,Montana,4bf58dd8d48988d1f6941735,Department Stores,105.0,"",105.0,16
2020-03-07,Montana,4bf58dd8d48988d1ed931735,Airports,75.0,75.0,75.0,17
2020-03-07,Montana,4bf58dd8d48988d1c4941735,Restaurants,95.0,"",95.0,18
2020-03-07,Montana,4bf58dd8d48988d16c941735,Burger Joints,101.0,"",101.0,19
2020-03-07,Montana,4bf58dd8d48988d10f951735,Pharmacies,87.0,122.0,85.0,20
2020-03-07,Montana,4bf58dd8d48988d1fd941735,Shopping Malls,107.0,"",108.0,21
2020-03-07,Montana,4bf58dd8d48988d1e9941735,Ski Areas,44.0,"",44.0,22
2020-03-07,Montana,4bf58dd8d48988d196941735,Hospitals,138.0,"",139.0,22
2020-03-07,Montana,4bf58dd8d48988d1f2941735,Sporting Goods Shops,98.0,112.0,97.0,22
2020-03-07,Montana,4bf58dd8d48988d1cc941735,Steakhouses,85.0,"",84.0,23
2020-03-07,Montana,4bf58dd8d48988d124951735,Automotive Shops,113.0,"",112.0,24
2020-03-07,Montana,4bf58dd8d48988d1c5941735,Sandwich Places,83.0,"",82.0,24
2020-03-07,Montana,4bf58dd8d48988d16d941735,Cafés,102.0,"",102.0,25
2020-03-07,Montana,4bf58dd8d48988d17c941735,Casinos,118.0,"",120.0,26
2020-03-07,Montana,4bf58dd8d48988d1e6941735,Golf Courses,104.0,105.0,104.0,26
2020-03-07,Montana,4bf58dd8d48988d1fb931735,Motels,108.0,"",110.0,27
2020-03-07,Montana,4bf58dd8d48988d147941735,Diners,122.0,"",122.0,27
2020-03-07,Montana,4bf58dd8d48988d176941735,Gyms,109.0,"",110.0,28
2020-03-07,Montana,4bf58dd8d48988d161941735,Lakes,101.0,"",100.0,29
2020-03-07,Montana,5bae9231bedf3950379f89cb,Inns,124.0,"",124.0,30
2020-03-07,Montana,4bf58dd8d48988d1e5931735,Music Venues,265.0,"",265.0,31
2020-03-07,Montana,4bf58dd8d48988d159941735,Trails,101.0,"",102.0,32
2020-03-07,Montana,4bf58dd8d48988d118941735,Dive Bars,105.0,"",105.0,33
2020-03-07,Montana,4bf58dd8d48988d12f951735,Resorts,112.0,"",116.0,33
2020-03-07,Montana,4bf58dd8d48988d175941735,Gyms or Fitness Centers,49.0,"",49.0,34
2020-03-07,Montana,4bf58dd8d48988d1e4931735,Bowling Alleys,108.0,"",109.0,35
2020-03-07,Montana,4eb1c1623b7b52c0e1adc2ec,Auto Dealerships,120.0,"",119.0,36
2020-03-07,Montana,4bf58dd8d48988d172941735,Post Offices,104.0,"",105.0,37
2020-03-07,Montana,4bf58dd8d48988d145941735,Chinese Restaurants,113.0,"",111.0,37
2020-03-07,Montana,4bf58dd8d48988d143941735,Breakfast Spots,122.0,"",124.0,38
2020-03-07,Montana,4bf58dd8d48988d11b941735,Pubs,125.0,"",124.0,39
2020-03-07,Montana,4bf58dd8d48988d1f8941735,Furniture / Home Stores,92.0,"",93.0,40
2020-03-07,Montana,4d4b7105d754a06374d81259,Food,3.0,"",3.0,40
2020-03-07,Montana,4bf58dd8d48988d110951735,Salons / Barbershops,102.0,"",103.0,40
2020-03-08,Montana,4bf58dd8d48988d113951735,Gas Stations,106.0,100.0,106.0,1
2020-03-08,Montana,4bf58dd8d48988d118951735,Grocery Stores,101.0,106.0,101.0,2
2020-03-08,Montana,4bf58dd8d48988d116941735,Bars,73.0,59.0,74.0,3
2020-03-08,Montana,52f2ab2ebcbc57f1066b8b42,Big Box Stores,110.0,90.0,111.0,4
2020-03-08,Montana,4bf58dd8d48988d16e941735,Fast Food Restaurants,105.0,110.0,104.0,5
2020-03-08,Montana,4bf58dd8d48988d14e941735,American Restaurants,101.0,99.0,101.0,6
2020-03-08,Montana,4bf58dd8d48988d1fa931735,Hotels,68.0,49.0,69.0,7
2020-03-08,Montana,50327c8591d4c4b30a586d5d,Breweries,99.0,92.0,100.0,8
2020-03-08,Montana,4bf58dd8d48988d112951735,Hardware Stores,111.0,117.0,111.0,9
2020-03-08,Montana,52e816a6bcbc57f1066b7a54,Warehouse Stores,109.0,86.0,111.0,10
2020-03-08,Montana,4bf58dd8d48988d1e0931735,Coffee Shops,100.0,122.0,99.0,11
2020-03-08,Montana,4bf58dd8d48988d1ca941735,Pizza Places,109.0,131.0,108.0,12
2020-03-08,Montana,4d954b0ea243a5684a65b473,Convenience Stores,102.0,114.0,101.0,13
2020-03-08,Montana,4bf58dd8d48988d1ff941735,Miscellaneous Shops,100.0,"",101.0,14
2020-03-08,Montana,4bf58dd8d48988d13d941735,High Schools,146.0,158.0,145.0,15
2020-03-08,Montana,4bf58dd8d48988d1c1941735,Mexican Restaurants,100.0,"",99.0,16
2020-03-08,Montana,4bf58dd8d48988d1f6941735,Department Stores,116.0,"",117.0,17
2020-03-08,Montana,4bf58dd8d48988d1ed931735,Airports,77.0,"",77.0,17
2020-03-08,Montana,4bf58dd8d48988d163941735,Parks,97.0,"",97.0,18
2020-03-08,Montana,4bf58dd8d48988d1c4941735,Restaurants,103.0,"",104.0,19
2020-03-08,Montana,4bf58dd8d48988d10f951735,Pharmacies,121.0,136.0,120.0,20
2020-03-08,Montana,4bf58dd8d48988d1e9941735,Ski Areas,44.0,"",44.0,21
2020-03-08,Montana,4bf58dd8d48988d16c941735,Burger Joints,115.0,"",115.0,22
2020-03-08,Montana,4bf58dd8d48988d1c5941735,Sandwich Places,105.0,"",106.0,23
2020-03-08,Montana,4bf58dd8d48988d1cc941735,Steakhouses,86.0,"",85.0,24
2020-03-08,Montana,4bf58dd8d48988d16d941735,Cafés,104.0,"",106.0,25
2020-03-08,Montana,4bf58dd8d48988d1e6941735,Golf Courses,102.0,"",103.0,26
2020-03-08,Montana,4bf58dd8d48988d1f2941735,Sporting Goods Shops,114.0,"",112.0,26
2020-03-08,Montana,4bf58dd8d48988d1fd941735,Shopping Malls,100.0,"",99.0,27
2020-03-08,Montana,4bf58dd8d48988d1fb931735,Motels,112.0,"",115.0,28
2020-03-08,Montana,4bf58dd8d48988d196941735,Hospitals,96.0,"",95.0,29
2020-03-08,Montana,4bf58dd8d48988d176941735,Gyms,112.0,"",113.0,30
2020-03-08,Montana,4bf58dd8d48988d124951735,Automotive Shops,116.0,"",118.0,31
2020-03-08,Montana,4bf58dd8d48988d159941735,Trails,106.0,"",107.0,32
2020-03-08,Montana,4bf58dd8d48988d17c941735,Casinos,92.0,"",94.0,32
2020-03-08,Montana,4bf58dd8d48988d1e4931735,Bowling Alleys,104.0,"",104.0,33
2020-03-08,Montana,4bf58dd8d48988d118941735,Dive Bars,126.0,"",124.0,33
2020-03-08,Montana,4bf58dd8d48988d11d941735,Sports Bars,112.0,"",110.0,34
2020-03-08,Montana,4bf58dd8d48988d147941735,Diners,104.0,"",103.0,34
2020-03-09,Montana,4bf58dd8d48988d113951735,Gas Stations,105.0,110.0,104.0,1
2020-03-09,Montana,4bf58dd8d48988d118951735,Grocery Stores,107.0,97.0,107.0,2
2020-03-09,Montana,4bf58dd8d48988d16e941735,Fast Food Restaurants,108.0,101.0,109.0,3
2020-03-09,Montana,4bf58dd8d48988d116941735,Bars,67.0,57.0,68.0,4
2020-03-09,Montana,52f2ab2ebcbc57f1066b8b42,Big Box Stores,114.0,97.0,115.0,5
2020-03-09,Montana,4bf58dd8d48988d14e941735,American Restaurants,97.0,99.0,97.0,6
2020-03-09,Montana,4bf58dd8d48988d1fa931735,Hotels,60.0,52.0,60.0,7
2020-03-09,Montana,50327c8591d4c4b30a586d5d,Breweries,90.0,93.0,90.0,8
2020-03-09,Montana,4bf58dd8d48988d112951735,Hardware Stores,114.0,123.0,113.0,9
2020-03-09,Montana,4bf58dd8d48988d1e0931735,Coffee Shops,103.0,102.0,103.0,10
2020-03-09,Montana,4bf58dd8d48988d13d941735,High Schools,130.0,142.0,129.0,11
2020-03-09,Montana,4bf58dd8d48988d196941735,Hospitals,97.0,128.0,96.0,12
2020-03-09,Montana,4d954b0ea243a5684a65b473,Convenience Stores,113.0,89.0,115.0,13
2020-03-09,Montana,4bf58dd8d48988d1ff941735,Miscellaneous Shops,102.0,80.0,103.0,14
2020-03-09,Montana,4bf58dd8d48988d1ca941735,Pizza Places,110.0,108.0,110.0,15
2020-03-09,Montana,4bf58dd8d48988d1ed931735,Airports,76.0,"",76.0,16
2020-03-09,Montana,4bf58dd8d48988d163941735,Parks,106.0,111.0,106.0,17
2020-03-09,Montana,4bf58dd8d48988d1c5941735,Sandwich Places,119.0,155.0,116.0,18
2020-03-09,Montana,4bf58dd8d48988d10f951735,Pharmacies,117.0,94.0,120.0,19
2020-03-09,Montana,4bf58dd8d48988d177941735,Doctor's Offices,86.0,81.0,86.0,20
2020-03-09,Montana,4bf58dd8d48988d1c1941735,Mexican Restaurants,93.0,92.0,93.0,21
2020-03-09,Montana,52e816a6bcbc57f1066b7a54,Warehouse Stores,104.0,87.0,106.0,22
2020-03-09,Montana,4bf58dd8d48988d124951735,Automotive Shops,139.0,147.0,138.0,23
2020-03-09,Montana,4bf58dd8d48988d176941735,Gyms,113.0,"",115.0,24
2020-03-09,Montana,4bf58dd8d48988d10a951735,Banks,134.0,142.0,133.0,25
2020-03-09,Montana,4bf58dd8d48988d1c4941735,Restaurants,104.0,"",105.0,26
2020-03-09,Montana,4bf58dd8d48988d172941735,Post Offices,96.0,89.0,97.0,27
2020-03-09,Montana,4bf58dd8d48988d1cc941735,Steakhouses,108.0,"",109.0,28
2020-03-09,Montana,4eb1c1623b7b52c0e1adc2ec,Auto Dealerships,129.0,"",129.0,29
2020-03-09,Montana,4bf58dd8d48988d16c941735,Burger Joints,105.0,"",105.0,30
2020-03-09,Montana,4bf58dd8d48988d1fb931735,Motels,105.0,"",106.0,30
2020-03-09,Montana,4bf58dd8d48988d16d941735,Cafés,108.0,"",107.0,31
2020-03-09,Montana,4bf58dd8d48988d124941735,Offices,76.0,"",77.0,32
2020-03-09,Montana,4bf58dd8d48988d1f6941735,Department Stores,112.0,"",115.0,33
2020-03-09,Montana,4bf58dd8d48988d1f2941735,Sporting Goods Shops,142.0,"",140.0,34
2020-03-09,Montana,4bf58dd8d48988d175941735,Gyms or Fitness Centers,49.0,74.0,47.0,35
2020-03-09,Montana,4bf58dd8d48988d1e6941735,Golf Courses,97.0,"",97.0,36
2020-03-09,Montana,4f4533804b9074f6e4fb0105,Elementary Schools,115.0,"",114.0,37
2020-03-09,Montana,4bf58dd8d48988d17c941735,Casinos,121.0,"",124.0,38
2020-03-09,Montana,4bf58dd8d48988d1ae941735,Universities,103.0,"",103.0,39
2020-03-09,Montana,4bf58dd8d48988d1e9941735,Ski Areas,39.0,"",38.0,40
2020-03-09,Montana,4bf58dd8d48988d147941735,Diners,126.0,"",127.0,41
2020-03-09,Montana,4bf58dd8d48988d13b941735,Schools,33.0,"",33.0,41
2020-03-09,Montana,5bae9231bedf3950379f89cb,Inns,127.0,"",128.0,42
2020-03-09,Montana,4bf58dd8d48988d161941735,Lakes,93.0,"",92.0,43
2020-03-10,Montana,4bf58dd8d48988d113951735,Gas Stations,104.0,108.0,104.0,1
2020-03-10,Montana,4bf58dd8d48988d118951735,Grocery Stores,104.0,99.0,105.0,2
2020-03-10,Montana,4bf58dd8d48988d116941735,Bars,69.0,65.0,70.0,3
2020-03-10,Montana,4bf58dd8d48988d16e941735,Fast Food Restaurants,100.0,95.0,101.0,4
2020-03-10,Montana,52f2ab2ebcbc57f1066b8b42,Big Box Stores,105.0,94.0,106.0,5
2020-03-10,Montana,4bf58dd8d48988d14e941735,American Restaurants,93.0,77.0,95.0,6
2020-03-10,Montana,4bf58dd8d48988d1fa931735,Hotels,60.0,47.0,61.0,7
2020-03-10,Montana,50327c8591d4c4b30a586d5d,Breweries,91.0,82.0,91.0,8
2020-03-10,Montana,4bf58dd8d48988d112951735,Hardware Stores,118.0,124.0,117.0,9
2020-03-10,Montana,4bf58dd8d48988d1e0931735,Coffee Shops,97.0,89.0,98.0,10
2020-03-10,Montana,4bf58dd8d48988d13d941735,High Schools,112.0,138.0,111.0,11
2020-03-10,Montana,4bf58dd8d48988d196941735,Hospitals,96.0,100.0,95.0,12
2020-03-10,Montana,4bf58dd8d48988d1ff941735,Miscellaneous Shops,109.0,121.0,108.0,13
2020-03-10,Montana,4d954b0ea243a5684a65b473,Convenience Stores,116.0,96.0,117.0,14
2020-03-10,Montana,52e816a6bcbc57f1066b7a54,Warehouse Stores,132.0,116.0,134.0,15
2020-03-10,Montana,4bf58dd8d48988d1ca941735,Pizza Places,106.0,94.0,107.0,16
2020-03-10,Montana,4bf58dd8d48988d163941735,Parks,113.0,131.0,112.0,17
2020-03-10,Montana,4bf58dd8d48988d1ed931735,Airports,73.0,52.0,75.0,18
2020-03-10,Montana,4bf58dd8d48988d177941735,Doctor's Offices,84.0,78.0,85.0,19
2020-03-10,Montana,4bf58dd8d48988d1c1941735,Mexican Restaurants,95.0,94.0,95.0,20
2020-03-10,Montana,4bf58dd8d48988d1c5941735,Sandwich Places,95.0,92.0,95.0,21
2020-03-10,Montana,4bf58dd8d48988d10f951735,Pharmacies,104.0,96.0,105.0,22
2020-03-10,Montana,4bf58dd8d48988d176941735,Gyms,104.0,"",104.0,23
2020-03-10,Montana,4bf58dd8d48988d1cc941735,Steakhouses,108.0,"",108.0,24
2020-03-10,Montana,4bf58dd8d48988d1f6941735,Department Stores,138.0,121.0,139.0,25
2020-03-10,Montana,4bf58dd8d48988d124951735,Automotive Shops,102.0,110.0,101.0,26
2020-03-10,Montana,4bf58dd8d48988d172941735,Post Offices,89.0,107.0,88.0,27
2020-03-10,Montana,4bf58dd8d48988d1c4941735,Restaurants,91.0,"",90.0,28
2020-03-10,Montana,4bf58dd8d48988d124941735,Offices,79.0,"",80.0,29
2020-03-10,Montana,4bf58dd8d48988d16d941735,Cafés,112.0,"",114.0,29
2020-03-10,Montana,4bf58dd8d48988d10a951735,Banks,106.0,132.0,104.0,30
2020-03-10,Montana,4eb1c1623b7b52c0e1adc2ec,Auto Dealerships,109.0,127.0,108.0,31
2020-03-10,Montana,4bf58dd8d48988d16c941735,Burger Joints,104.0,"",103.0,32
2020-03-10,Montana,4bf58dd8d48988d1ae941735,Universities,93.0,"",93.0,33
2020-03-10,Montana,4f4533804b9074f6e4fb0105,Elementary Schools,103.0,"",103.0,34
2020-03-10,Montana,4bf58dd8d48988d1e6941735,Golf Courses,97.0,118.0,95.0,35
2020-03-10,Montana,4bf58dd8d48988d1fb931735,Motels,91.0,"",92.0,36
2020-03-10,Montana,4bf58dd8d48988d175941735,Gyms or Fitness Centers,40.0,"",40.0,37
2020-03-10,Montana,4bf58dd8d48988d13b941735,Schools,28.0,"",28.0,38
2020-03-10,Montana,4bf58dd8d48988d1e9941735,Ski Areas,43.0,"",44.0,39
2020-03-10,Montana,5bae9231bedf3950379f89cb,Inns,118.0,"",120.0,40
2020-03-10,Montana,4bf58dd8d48988d1f2941735,Sporting Goods Shops,115.0,"",117.0,41
2020-03-10,Montana,4bf58dd8d48988d161941735,Lakes,96.0,"",97.0,42
2020-03-10,Montana,4bf58dd8d48988d1e4931735,Bowling Alleys,104.0,"",105.0,43
2020-03-11,Montana,4bf58dd8d48988d113951735,Gas Stations,103.0,116.0,103.0,1
2020-03-11,Montana,4bf58dd8d48988d118951735,Grocery Stores,105.0,97.0,106.0,2
2020-03-11,Montana,4bf58dd8d48988d116941735,Bars,76.0,69.0,76.0,3
2020-03-11,Montana,4bf58dd8d48988d16e941735,Fast Food Restaurants,104.0,95.0,105.0,4
2020-03-11,Montana,4bf58dd8d48988d14e941735,American Restaurants,99.0,95.0,99.0,5
2020-03-11,Montana,52f2ab2ebcbc57f1066b8b42,Big Box Stores,99.0,102.0,99.0,6
2020-03-11,Montana,4bf58dd8d48988d1fa931735,Hotels,65.0,54.0,66.0,7
2020-03-11,Montana,50327c8591d4c4b30a586d5d,Breweries,106.0,98.0,106.0,8
2020-03-11,Montana,4bf58dd8d48988d1e0931735,Coffee Shops,106.0,97.0,107.0,9
2020-03-11,Montana,4bf58dd8d48988d112951735,Hardware Stores,112.0,102.0,113.0,10
2020-03-11,Montana,4bf58dd8d48988d196941735,Hospitals,100.0,103.0,100.0,11
2020-03-11,Montana,4bf58dd8d48988d13d941735,High Schools,105.0,117.0,104.0,12
2020-03-11,Montana,52e816a6bcbc57f1066b7a54,Warehouse Stores,146.0,145.0,146.0,13
2020-03-11,Montana,4d954b0ea243a5684a65b473,Convenience Stores,99.0,95.0,99.0,14
2020-03-11,Montana,4bf58dd8d48988d1ff941735,Miscellaneous Shops,99.0,93.0,99.0,14
2020-03-11,Montana,4bf58dd8d48988d1ed931735,Airports,83.0,85.0,83.0,15
2020-03-11,Montana,4bf58dd8d48988d177941735,Doctor's Offices,108.0,126.0,107.0,16
2020-03-11,Montana,4bf58dd8d48988d10f951735,Pharmacies,125.0,133.0,124.0,17
2020-03-11,Montana,4bf58dd8d48988d1ca941735,Pizza Places,95.0,100.0,95.0,18
2020-03-11,Montana,4bf58dd8d48988d163941735,Parks,98.0,"",99.0,19
2020-03-11,Montana,4bf58dd8d48988d1c5941735,Sandwich Places,100.0,105.0,99.0,20
2020-03-11,Montana,4bf58dd8d48988d176941735,Gyms,109.0,"",109.0,21
2020-03-11,Montana,4bf58dd8d48988d1c1941735,Mexican Restaurants,76.0,67.0,77.0,22
2020-03-11,Montana,4bf58dd8d48988d1c4941735,Restaurants,104.0,"",106.0,23
2020-03-11,Montana,4bf58dd8d48988d1cc941735,Steakhouses,95.0,"",95.0,24
2020-03-11,Montana,4bf58dd8d48988d124951735,Automotive Shops,107.0,115.0,106.0,25
2020-03-11,Montana,4bf58dd8d48988d172941735,Post Offices,92.0,93.0,92.0,26
2020-03-11,Montana,4bf58dd8d48988d10a951735,Banks,119.0,142.0,117.0,26
2020-03-11,Montana,4bf58dd8d48988d16c941735,Burger Joints,106.0,"",107.0,27
2020-03-11,Montana,4f4533804b9074f6e4fb0105,Elementary Schools,104.0,"",106.0,28
2020-03-11,Montana,4bf58dd8d48988d1e6941735,Golf Courses,108.0,91.0,109.0,29
2020-03-11,Montana,4bf58dd8d48988d16d941735,Cafés,99.0,107.0,99.0,30
2020-03-11,Montana,4bf58dd8d48988d1ae941735,Universities,85.0,"",85.0,31
2020-03-11,Montana,4eb1c1623b7b52c0e1adc2ec,Auto Dealerships,108.0,"",109.0,32
2020-03-11,Montana,4bf58dd8d48988d1f6941735,Department Stores,109.0,"",109.0,32
2020-03-11,Montana,4bf58dd8d48988d1fb931735,Motels,99.0,"",99.0,33
2020-03-11,Montana,4bf58dd8d48988d124941735,Offices,63.0,"",64.0,34
2020-03-11,Montana,5bae9231bedf3950379f89cb,Inns,121.0,"",122.0,35
2020-03-11,Montana,4bf58dd8d48988d13b941735,Schools,25.0,"",25.0,36
2020-03-11,Montana,4bf58dd8d48988d17c941735,Casinos,108.0,"",108.0,37
2020-03-11,Montana,4bf58dd8d48988d1f2941735,Sporting Goods Shops,113.0,"",111.0,38
2020-03-11,Montana,4bf58dd8d48988d1e9941735,Ski Areas,41.0,"",41.0,39
2020-03-11,Montana,4bf58dd8d48988d1e4931735,Bowling Alleys,107.0,"",107.0,40
2020-03-11,Montana,4bf58dd8d48988d175941735,Gyms or Fitness Centers,37.0,"",37.0,40
2020-03-11,Montana,4bf58dd8d48988d161941735,Lakes,97.0,"",96.0,41
2020-03-11,Montana,4bf58dd8d48988d147941735,Diners,111.0,"",111.0,42
2020-03-12,Montana,4bf58dd8d48988d113951735,Gas Stations,104.0,98.0,105.0,1
2020-03-12,Montana,4bf58dd8d48988d118951735,Grocery Stores,113.0,113.0,113.0,2
2020-03-12,Montana,4bf58dd8d48988d116941735,Bars,76.0,69.0,76.0,3
2020-03-12,Montana,4bf58dd8d48988d16e941735,Fast Food Restaurants,104.0,107.0,104.0,4
2020-03-12,Montana,52f2ab2ebcbc57f1066b8b42,Big Box Stores,113.0,106.0,113.0,5
2020-03-12,Montana,4bf58dd8d48988d14e941735,American Restaurants,99.0,95.0,100.0,6
2020-03-12,Montana,4bf58dd8d48988d1fa931735,Hotels,61.0,50.0,62.0,7
2020-03-12,Montana,50327c8591d4c4b30a586d5d,Breweries,101.0,88.0,102.0,8
2020-03-12,Montana,4bf58dd8d48988d112951735,Hardware Stores,104.0,96.0,104.0,9
2020-03-12,Montana,4bf58dd8d48988d1e0931735,Coffee Shops,89.0,77.0,89.0,10
2020-03-12,Montana,52e816a6bcbc57f1066b7a54,Warehouse Stores,158.0,149.0,159.0,11
2020-03-12,Montana,4bf58dd8d48988d13d941735,High Schools,97.0,111.0,97.0,12
2020-03-12,Montana,4bf58dd8d48988d1ff941735,Miscellaneous Shops,108.0,117.0,107.0,13
2020-03-12,Montana,4bf58dd8d48988d196941735,Hospitals,86.0,62.0,87.0,14
2020-03-12,Montana,4d954b0ea243a5684a65b473,Convenience Stores,105.0,93.0,106.0,15
2020-03-12,Montana,4bf58dd8d48988d10f951735,Pharmacies,140.0,114.0,143.0,16
2020-03-12,Montana,4bf58dd8d48988d1c5941735,Sandwich Places,119.0,130.0,119.0,17
2020-03-12,Montana,4bf58dd8d48988d1ca941735,Pizza Places,96.0,"",97.0,18
2020-03-12,Montana,4bf58dd8d48988d163941735,Parks,97.0,74.0,98.0,19
2020-03-12,Montana,4bf58dd8d48988d1ed931735,Airports,77.0,68.0,78.0,20
2020-03-12,Montana,4bf58dd8d48988d177941735,Doctor's Offices,94.0,92.0,94.0,21
2020-03-12,Montana,4bf58dd8d48988d1c1941735,Mexican Restaurants,83.0,90.0,83.0,22
2020-03-12,Montana,4bf58dd8d48988d1cc941735,Steakhouses,106.0,"",106.0,23
2020-03-12,Montana,4bf58dd8d48988d172941735,Post Offices,105.0,104.0,106.0,24
2020-03-12,Montana,4bf58dd8d48988d16c941735,Burger Joints,102.0,"",102.0,25
2020-03-12,Montana,4bf58dd8d48988d1ae941735,Universities,101.0,"",101.0,26
2020-03-12,Montana,4bf58dd8d48988d1c4941735,Restaurants,90.0,"",90.0,27
2020-03-12,Montana,4bf58dd8d48988d124951735,Automotive Shops,103.0,127.0,102.0,27
2020-03-12,Montana,4bf58dd8d48988d16d941735,Cafés,101.0,"",103.0,28
2020-03-12,Montana,4bf58dd8d48988d176941735,Gyms,94.0,"",93.0,29
2020-03-12,Montana,4bf58dd8d48988d1f6941735,Department Stores,110.0,"",112.0,30
2020-03-12,Montana,4bf58dd8d48988d10a951735,Banks,103.0,116.0,102.0,31
2020-03-12,Montana,4eb1c1623b7b52c0e1adc2ec,Auto Dealerships,106.0,"",106.0,32
2020-03-12,Montana,4bf58dd8d48988d124941735,Offices,73.0,"",74.0,32
2020-03-12,Montana,4bf58dd8d48988d1fb931735,Motels,95.0,"",95.0,33
2020-03-12,Montana,4bf58dd8d48988d1e6941735,Golf Courses,104.0,112.0,103.0,33
2020-03-12,Montana,4f4533804b9074f6e4fb0105,Elementary Schools,91.0,"",90.0,34
2020-03-12,Montana,4bf58dd8d48988d13b941735,Schools,23.0,"",24.0,35
2020-03-12,Montana,4bf58dd8d48988d175941735,Gyms or Fitness Centers,40.0,"",40.0,36
2020-03-12,Montana,4bf58dd8d48988d147941735,Diners,125.0,"",127.0,37
2020-03-12,Montana,4bf58dd8d48988d1e9941735,Ski Areas,36.0,"",36.0,38
2020-03-12,Montana,4bf58dd8d48988d1f2941735,Sporting Goods Shops,107.0,"",105.0,39
2020-03-12,Montana,4bf58dd8d48988d161941735,Lakes,110.0,"",109.0,40
2020-03-12,Montana,5bae9231bedf3950379f89cb,Inns,100.0,"",102.0,41
2020-03-12,Montana,4bf58dd8d48988d159941735,Trails,103.0,"",101.0,42
2020-03-12,Montana,4bf58dd8d48988d17c941735,Casinos,103.0,"",103.0,42
2020-03-12,Montana,4bf58dd8d48988d1e4931735,Bowling Alleys,102.0,"",102.0,42
2020-03-13,Montana,4bf58dd8d48988d113951735,Gas Stations,106.0,91.0,107.0,1
2020-03-13,Montana,4bf58dd8d48988d118951735,Grocery Stores,126.0,116.0,127.0,2
2020-03-13,Montana,4bf58dd8d48988d116941735,Bars,74.0,61.0,74.0,3
2020-03-13,Montana,52f2ab2ebcbc57f1066b8b42,Big Box Stores,128.0,116.0,128.0,4
2020-03-13,Montana,4bf58dd8d48988d16e941735,Fast Food Restaurants,105.0,86.0,106.0,5
2020-03-13,Montana,4bf58dd8d48988d14e941735,American Restaurants,96.0,85.0,97.0,6
2020-03-13,Montana,4bf58dd8d48988d1fa931735,Hotels,68.0,46.0,70.0,7
2020-03-13,Montana,50327c8591d4c4b30a586d5d,Breweries,101.0,80.0,102.0,8
2020-03-13,Montana,4bf58dd8d48988d112951735,Hardware Stores,132.0,107.0,134.0,9
2020-03-13,Montana,52e816a6bcbc57f1066b7a54,Warehouse Stores,168.0,135.0,171.0,10
2020-03-13,Montana,4bf58dd8d48988d1e0931735,Coffee Shops,98.0,91.0,99.0,11
2020-03-13,Montana,4bf58dd8d48988d1ff941735,Miscellaneous Shops,122.0,93.0,123.0,12
2020-03-13,Montana,4bf58dd8d48988d1ca941735,Pizza Places,102.0,91.0,103.0,13
2020-03-13,Montana,4d954b0ea243a5684a65b473,Convenience Stores,100.0,83.0,101.0,14
2020-03-13,Montana,4bf58dd8d48988d13d941735,High Schools,84.0,91.0,84.0,15
2020-03-13,Montana,4bf58dd8d48988d196941735,Hospitals,94.0,82.0,94.0,16
2020-03-13,Montana,4bf58dd8d48988d10f951735,Pharmacies,123.0,102.0,125.0,17
2020-03-13,Montana,4bf58dd8d48988d1ed931735,Airports,82.0,83.0,82.0,17
2020-03-13,Montana,4bf58dd8d48988d1c1941735,Mexican Restaurants,90.0,62.0,92.0,18
2020-03-13,Montana,4bf58dd8d48988d1c5941735,Sandwich Places,106.0,83.0,108.0,19
2020-03-13,Montana,4bf58dd8d48988d1cc941735,Steakhouses,115.0,"",118.0,20
2020-03-13,Montana,4bf58dd8d48988d1c4941735,Restaurants,113.0,"",115.0,21
2020-03-13,Montana,4bf58dd8d48988d163941735,Parks,93.0,"",95.0,22
2020-03-13,Montana,4bf58dd8d48988d177941735,Doctor's Offices,98.0,86.0,99.0,23
2020-03-13,Montana,4bf58dd8d48988d124951735,Automotive Shops,109.0,110.0,109.0,24
2020-03-13,Montana,4bf58dd8d48988d1f6941735,Department Stores,118.0,"",119.0,24
2020-03-13,Montana,4bf58dd8d48988d16c941735,Burger Joints,104.0,"",105.0,25
2020-03-13,Montana,4bf58dd8d48988d172941735,Post Offices,100.0,103.0,100.0,26
2020-03-13,Montana,4bf58dd8d48988d1fb931735,Motels,122.0,"",125.0,27
2020-03-13,Montana,4eb1c1623b7b52c0e1adc2ec,Auto Dealerships,118.0,"",120.0,28
2020-03-13,Montana,4bf58dd8d48988d16d941735,Cafés,112.0,"",113.0,28
2020-03-13,Montana,4bf58dd8d48988d1e6941735,Golf Courses,104.0,97.0,105.0,29
2020-03-13,Montana,4bf58dd8d48988d1ae941735,Universities,96.0,"",97.0,30
2020-03-13,Montana,4bf58dd8d48988d176941735,Gyms,89.0,"",90.0,31
2020-03-13,Montana,4bf58dd8d48988d10a951735,Banks,101.0,130.0,99.0,32
2020-03-13,Montana,4bf58dd8d48988d124941735,Offices,75.0,"",75.0,33
2020-03-13,Montana,4f4533804b9074f6e4fb0105,Elementary Schools,89.0,"",90.0,34
2020-03-13,Montana,4bf58dd8d48988d17c941735,Casinos,97.0,"",96.0,35
2020-03-13,Montana,4bf58dd8d48988d1e9941735,Ski Areas,36.0,"",37.0,35
2020-03-13,Montana,4bf58dd8d48988d1f2941735,Sporting Goods Shops,95.0,"",98.0,36
2020-03-13,Montana,5bae9231bedf3950379f89cb,Inns,119.0,"",121.0,36
2020-03-13,Montana,4bf58dd8d48988d1fd941735,Shopping Malls,96.0,"",98.0,37
2020-03-13,Montana,4bf58dd8d48988d147941735,Diners,112.0,"",114.0,38
2020-03-13,Montana,4bf58dd8d48988d11d941735,Sports Bars,133.0,"",135.0,38
2020-03-13,Montana,4bf58dd8d48988d161941735,Lakes,103.0,"",105.0,39
2020-03-13,Montana,4bf58dd8d48988d175941735,Gyms or Fitness Centers,39.0,"",39.0,40
2020-03-13,Montana,4bf58dd8d48988d110951735,Salons / Barbershops,126.0,"",125.0,41
2020-03-13,Montana,4bf58dd8d48988d1e4931735,Bowling Alleys,110.0,"",110.0,42
2020-03-13,Montana,4bf58dd8d48988d13b941735,Schools,20.0,"",20.0,43
2020-03-13,Montana,4bf58dd8d48988d1f8941735,Furniture / Home Stores,119.0,"",122.0,44
2020-03-14,Montana,4bf58dd8d48988d118951735,Grocery Stores,122.0,95.0,124.0,1
2020-03-14,Montana,4bf58dd8d48988d113951735,Gas Stations,94.0,84.0,95.0,2
2020-03-14,Montana,4bf58dd8d48988d116941735,Bars,66.0,48.0,66.0,3
2020-03-14,Montana,52f2ab2ebcbc57f1066b8b42,Big Box Stores,101.0,91.0,101.0,4
2020-03-14,Montana,4bf58dd8d48988d14e941735,American Restaurants,83.0,59.0,84.0,5
2020-03-14,Montana,4bf58dd8d48988d16e941735,Fast Food Restaurants,77.0,63.0,77.0,6
2020-03-14,Montana,4bf58dd8d48988d1fa931735,Hotels,58.0,48.0,58.0,7
2020-03-14,Montana,4bf58dd8d48988d112951735,Hardware Stores,102.0,86.0,103.0,8
2020-03-14,Montana,50327c8591d4c4b30a586d5d,Breweries,78.0,66.0,78.0,9
2020-03-14,Montana,52e816a6bcbc57f1066b7a54,Warehouse Stores,109.0,82.0,111.0,10
2020-03-14,Montana,4bf58dd8d48988d1e0931735,Coffee Shops,83.0,84.0,83.0,11
2020-03-14,Montana,4bf58dd8d48988d1ca941735,Pizza Places,93.0,"",94.0,12
2020-03-14,Montana,4d954b0ea243a5684a65b473,Convenience Stores,103.0,"",104.0,13
2020-03-14,Montana,4bf58dd8d48988d1ff941735,Miscellaneous Shops,92.0,"",94.0,14
2020-03-14,Montana,4bf58dd8d48988d10f951735,Pharmacies,111.0,102.0,112.0,15
2020-03-14,Montana,4bf58dd8d48988d1ed931735,Airports,72.0,"",73.0,16
2020-03-14,Montana,4bf58dd8d48988d1c1941735,Mexican Restaurants,70.0,88.0,69.0,17
2020-03-14,Montana,4bf58dd8d48988d163941735,Parks,81.0,"",82.0,17
2020-03-14,Montana,4bf58dd8d48988d1c4941735,Restaurants,90.0,"",91.0,18
2020-03-14,Montana,4bf58dd8d48988d16c941735,Burger Joints,96.0,"",96.0,19
2020-03-14,Montana,4bf58dd8d48988d1cc941735,Steakhouses,82.0,"",84.0,20
2020-03-14,Montana,4bf58dd8d48988d1c5941735,Sandwich Places,81.0,"",80.0,21
2020-03-14,Montana,4bf58dd8d48988d13d941735,High Schools,57.0,"",56.0,22
2020-03-14,Montana,4bf58dd8d48988d1f2941735,Sporting Goods Shops,79.0,"",80.0,23
2020-03-14,Montana,4bf58dd8d48988d1fb931735,Motels,107.0,"",109.0,24
2020-03-14,Montana,4bf58dd8d48988d1f6941735,Department Stores,61.0,"",62.0,25
2020-03-14,Montana,4bf58dd8d48988d17c941735,Casinos,104.0,"",106.0,26
2020-03-14,Montana,4bf58dd8d48988d1e6941735,Golf Courses,93.0,"",93.0,27
2020-03-14,Montana,4bf58dd8d48988d16d941735,Cafés,75.0,"",77.0,28
2020-03-14,Montana,4bf58dd8d48988d124951735,Automotive Shops,82.0,"",82.0,28
2020-03-14,Montana,4bf58dd8d48988d196941735,Hospitals,81.0,"",81.0,29
2020-03-14,Montana,5bae9231bedf3950379f89cb,Inns,110.0,"",110.0,30
2020-03-14,Montana,4bf58dd8d48988d1fd941735,Shopping Malls,62.0,"",62.0,31
2020-03-14,Montana,4bf58dd8d48988d161941735,Lakes,95.0,"",95.0,32
2020-03-14,Montana,4bf58dd8d48988d118941735,Dive Bars,99.0,"",99.0,33
2020-03-14,Montana,4bf58dd8d48988d147941735,Diners,92.0,"",93.0,34
2020-03-14,Montana,4bf58dd8d48988d1e9941735,Ski Areas,25.0,"",26.0,34
2020-03-14,Montana,4bf58dd8d48988d159941735,Trails,86.0,"",87.0,35
2020-03-15,Montana,4bf58dd8d48988d118951735,Grocery Stores,99.0,85.0,100.0,1
2020-03-15,Montana,4bf58dd8d48988d113951735,Gas Stations,92.0,83.0,92.0,2
2020-03-15,Montana,4bf58dd8d48988d116941735,Bars,66.0,50.0,67.0,3
2020-03-15,Montana,52f2ab2ebcbc57f1066b8b42,Big Box Stores,83.0,73.0,83.0,4
2020-03-15,Montana,4bf58dd8d48988d14e941735,American Restaurants,77.0,73.0,78.0,5
2020-03-15,Montana,4bf58dd8d48988d16e941735,Fast Food Restaurants,78.0,65.0,78.0,6
2020-03-15,Montana,4bf58dd8d48988d1fa931735,Hotels,53.0,43.0,53.0,7
2020-03-15,Montana,50327c8591d4c4b30a586d5d,Breweries,83.0,79.0,83.0,8
2020-03-15,Montana,4bf58dd8d48988d112951735,Hardware Stores,93.0,86.0,94.0,9
2020-03-15,Montana,4bf58dd8d48988d1e0931735,Coffee Shops,90.0,87.0,90.0,10
2020-03-15,Montana,52e816a6bcbc57f1066b7a54,Warehouse Stores,92.0,74.0,93.0,11
2020-03-15,Montana,4d954b0ea243a5684a65b473,Convenience Stores,97.0,"",98.0,12
2020-03-15,Montana,4bf58dd8d48988d1ff941735,Miscellaneous Shops,93.0,"",93.0,13
2020-03-15,Montana,4bf58dd8d48988d1ca941735,Pizza Places,84.0,"",85.0,14
2020-03-15,Montana,4bf58dd8d48988d163941735,Parks,95.0,"",96.0,15
2020-03-15,Montana,4bf58dd8d48988d1ed931735,Airports,71.0,"",70.0,16
2020-03-15,Montana,4bf58dd8d48988d10f951735,Pharmacies,115.0,"",116.0,17
2020-03-15,Montana,4bf58dd8d48988d1c1941735,Mexican Restaurants,75.0,"",75.0,18
2020-03-15,Montana,4bf58dd8d48988d1c4941735,Restaurants,86.0,"",85.0,19
2020-03-15,Montana,4bf58dd8d48988d1e9941735,Ski Areas,37.0,"",37.0,20
2020-03-15,Montana,4bf58dd8d48988d1cc941735,Steakhouses,81.0,"",82.0,21
2020-03-15,Montana,4bf58dd8d48988d16c941735,Burger Joints,89.0,"",89.0,22
2020-03-15,Montana,4bf58dd8d48988d13d941735,High Schools,84.0,"",84.0,23
2020-03-15,Montana,5bae9231bedf3950379f89cb,Inns,136.0,"",137.0,24
2020-03-15,Montana,4bf58dd8d48988d1e6941735,Golf Courses,84.0,"",86.0,24
2020-03-15,Montana,4bf58dd8d48988d1c5941735,Sandwich Places,70.0,"",68.0,25
2020-03-15,Montana,4bf58dd8d48988d1fb931735,Motels,96.0,"",97.0,26
2020-03-15,Montana,4bf58dd8d48988d16d941735,Cafés,75.0,"",75.0,27
2020-03-16,Montana,4bf58dd8d48988d113951735,Gas Stations,112.0,103.0,112.0,1
2020-03-16,Montana,4bf58dd8d48988d118951735,Grocery Stores,138.0,137.0,138.0,2
2020-03-16,Montana,4bf58dd8d48988d116941735,Bars,64.0,52.0,64.0,3
2020-03-16,Montana,52f2ab2ebcbc57f1066b8b42,Big Box Stores,119.0,110.0,120.0,4
2020-03-16,Montana,4bf58dd8d48988d16e941735,Fast Food Restaurants,98.0,80.0,99.0,5
2020-03-16,Montana,4bf58dd8d48988d14e941735,American Restaurants,94.0,81.0,95.0,6
2020-03-16,Montana,4bf58dd8d48988d1fa931735,Hotels,54.0,40.0,55.0,7
2020-03-16,Montana,4bf58dd8d48988d112951735,Hardware Stores,131.0,112.0,132.0,8
2020-03-16,Montana,50327c8591d4c4b30a586d5d,Breweries,91.0,82.0,91.0,9
2020-03-16,Montana,52e816a6bcbc57f1066b7a54,Warehouse Stores,159.0,110.0,165.0,10
2020-03-16,Montana,4bf58dd8d48988d1e0931735,Coffee Shops,85.0,82.0,85.0,11
2020-03-16,Montana,4bf58dd8d48988d1ff941735,Miscellaneous Shops,109.0,100.0,109.0,12
2020-03-16,Montana,4d954b0ea243a5684a65b473,Convenience Stores,115.0,115.0,115.0,13
2020-03-16,Montana,4bf58dd8d48988d196941735,Hospitals,87.0,82.0,87.0,14
2020-03-16,Montana,4bf58dd8d48988d177941735,Doctor's Offices,87.0,62.0,90.0,15
2020-03-16,Montana,4bf58dd8d48988d1ed931735,Airports,63.0,"",64.0,16
2020-03-16,Montana,4bf58dd8d48988d10f951735,Pharmacies,117.0,84.0,121.0,16
2020-03-16,Montana,4bf58dd8d48988d1ca941735,Pizza Places,85.0,88.0,85.0,16
2020-03-16,Montana,4bf58dd8d48988d163941735,Parks,90.0,"",90.0,17
2020-03-16,Montana,4bf58dd8d48988d172941735,Post Offices,109.0,115.0,109.0,18
2020-03-16,Montana,4bf58dd8d48988d13d941735,High Schools,78.0,"",77.0,19
2020-03-16,Montana,4bf58dd8d48988d124951735,Automotive Shops,117.0,"",118.0,20
2020-03-16,Montana,4bf58dd8d48988d1c1941735,Mexican Restaurants,79.0,"",80.0,20
2020-03-16,Montana,4bf58dd8d48988d10a951735,Banks,130.0,114.0,131.0,21
2020-03-16,Montana,4bf58dd8d48988d1c5941735,Sandwich Places,88.0,"",89.0,22
2020-03-16,Montana,4eb1c1623b7b52c0e1adc2ec,Auto Dealerships,122.0,155.0,120.0,23
2020-03-16,Montana,4bf58dd8d48988d1e6941735,Golf Courses,112.0,115.0,112.0,24
2020-03-16,Montana,4bf58dd8d48988d1cc941735,Steakhouses,101.0,"",103.0,25
2020-03-16,Montana,4bf58dd8d48988d1fb931735,Motels,96.0,"",96.0,26
2020-03-16,Montana,4bf58dd8d48988d1c4941735,Restaurants,79.0,"",80.0,27
2020-03-16,Montana,4bf58dd8d48988d124941735,Offices,69.0,"",68.0,28
2020-03-16,Montana,4bf58dd8d48988d16d941735,Cafés,95.0,"",95.0,29
2020-03-16,Montana,4bf58dd8d48988d1f6941735,Department Stores,97.0,"",98.0,30
2020-03-16,Montana,4bf58dd8d48988d16c941735,Burger Joints,86.0,"",87.0,30
2020-03-16,Montana,4bf58dd8d48988d161941735,Lakes,100.0,"",99.0,31
2020-03-16,Montana,4bf58dd8d48988d176941735,Gyms,73.0,"",72.0,32
2020-03-16,Montana,4bf58dd8d48988d159941735,Trails,104.0,"",104.0,33
2020-03-16,Montana,4bf58dd8d48988d1e4931735,Bowling Alleys,130.0,"",130.0,34
2020-03-16,Montana,4bf58dd8d48988d147941735,Diners,120.0,"",121.0,35
2020-03-17,Montana,4bf58dd8d48988d118951735,Grocery Stores,120.0,107.0,121.0,1
2020-03-17,Montana,4bf58dd8d48988d113951735,Gas Stations,98.0,90.0,98.0,2
2020-03-17,Montana,4bf58dd8d48988d116941735,Bars,66.0,44.0,67.0,3
2020-03-17,Montana,52f2ab2ebcbc57f1066b8b42,Big Box Stores,104.0,94.0,105.0,4
2020-03-17,Montana,4bf58dd8d48988d16e941735,Fast Food Restaurants,79.0,67.0,80.0,5
2020-03-17,Montana,4bf58dd8d48988d1fa931735,Hotels,52.0,43.0,53.0,6
2020-03-17,Montana,4bf58dd8d48988d14e941735,American Restaurants,68.0,65.0,68.0,7
2020-03-17,Montana,50327c8591d4c4b30a586d5d,Breweries,81.0,78.0,81.0,8
2020-03-17,Montana,4bf58dd8d48988d112951735,Hardware Stores,104.0,93.0,105.0,9
2020-03-17,Montana,4bf58dd8d48988d1ff941735,Miscellaneous Shops,116.0,121.0,116.0,10
2020-03-17,Montana,4d954b0ea243a5684a65b473,Convenience Stores,113.0,96.0,114.0,11
2020-03-17,Montana,52e816a6bcbc57f1066b7a54,Warehouse Stores,135.0,110.0,138.0,12
2020-03-17,Montana,4bf58dd8d48988d1e0931735,Coffee Shops,71.0,"",73.0,13
2020-03-17,Montana,4bf58dd8d48988d196941735,Hospitals,71.0,70.0,72.0,14
2020-03-17,Montana,4bf58dd8d48988d163941735,Parks,101.0,94.0,102.0,15
2020-03-17,Montana,4bf58dd8d48988d10f951735,Pharmacies,107.0,75.0,110.0,16
2020-03-17,Montana,4bf58dd8d48988d1ed931735,Airports,62.0,"",63.0,17
2020-03-17,Montana,4bf58dd8d48988d1ca941735,Pizza Places,75.0,"",75.0,18
2020-03-17,Montana,4bf58dd8d48988d172941735,Post Offices,100.0,102.0,100.0,19
2020-03-17,Montana,4bf58dd8d48988d13d941735,High Schools,57.0,"",57.0,19
2020-03-17,Montana,4bf58dd8d48988d177941735,Doctor's Offices,62.0,"",65.0,20
2020-03-17,Montana,4bf58dd8d48988d1c1941735,Mexican Restaurants,70.0,"",71.0,21
2020-03-17,Montana,4bf58dd8d48988d124951735,Automotive Shops,91.0,"",92.0,22
2020-03-17,Montana,4bf58dd8d48988d1fb931735,Motels,99.0,"",100.0,23
2020-03-17,Montana,4bf58dd8d48988d1cc941735,Steakhouses,86.0,"",87.0,24
2020-03-17,Montana,4bf58dd8d48988d1e6941735,Golf Courses,103.0,"",105.0,25
2020-03-17,Montana,4bf58dd8d48988d1c5941735,Sandwich Places,63.0,"",63.0,25
2020-03-17,Montana,4bf58dd8d48988d16d941735,Cafés,103.0,"",106.0,26
2020-03-17,Montana,4eb1c1623b7b52c0e1adc2ec,Auto Dealerships,99.0,"",101.0,27
2020-03-17,Montana,4bf58dd8d48988d1c4941735,Restaurants,73.0,"",75.0,28
2020-03-17,Montana,4bf58dd8d48988d16c941735,Burger Joints,87.0,"",87.0,28
2020-03-17,Montana,4bf58dd8d48988d10a951735,Banks,86.0,"",86.0,28
2020-03-17,Montana,4bf58dd8d48988d161941735,Lakes,112.0,"",111.0,29
2020-03-17,Montana,4bf58dd8d48988d124941735,Offices,62.0,"",62.0,29
2020-03-17,Montana,4bf58dd8d48988d159941735,Trails,116.0,"",116.0,30
2020-03-17,Montana,4bf58dd8d48988d1f2941735,Sporting Goods Shops,117.0,"",118.0,31
2020-03-17,Montana,4bf58dd8d48988d1f6941735,Department Stores,87.0,"",87.0,32
2020-03-18,Montana,4bf58dd8d48988d113951735,Gas Stations,92.0,89.0,92.0,1
2020-03-18,Montana,4bf58dd8d48988d118951735,Grocery Stores,104.0,95.0,104.0,2
2020-03-18,Montana,4bf58dd8d48988d116941735,Bars,56.0,43.0,57.0,3
2020-03-18,Montana,4bf58dd8d48988d16e941735,Fast Food Restaurants,72.0,63.0,73.0,4
2020-03-18,Montana,52f2ab2ebcbc57f1066b8b42,Big Box Stores,88.0,79.0,88.0,5
2020-03-18,Montana,4bf58dd8d48988d1fa931735,Hotels,44.0,32.0,45.0,6
2020-03-18,Montana,4bf58dd8d48988d14e941735,American Restaurants,54.0,53.0,54.0,7
2020-03-18,Montana,50327c8591d4c4b30a586d5d,Breweries,72.0,54.0,73.0,8
2020-03-18,Montana,4bf58dd8d48988d112951735,Hardware Stores,109.0,82.0,111.0,9
2020-03-18,Montana,4bf58dd8d48988d1ff941735,Miscellaneous Shops,106.0,75.0,108.0,10
2020-03-18,Montana,4bf58dd8d48988d1e0931735,Coffee Shops,74.0,64.0,74.0,11
2020-03-18,Montana,52e816a6bcbc57f1066b7a54,Warehouse Stores,115.0,90.0,118.0,12
2020-03-18,Montana,4d954b0ea243a5684a65b473,Convenience Stores,84.0,81.0,84.0,13
2020-03-18,Montana,4bf58dd8d48988d196941735,Hospitals,69.0,74.0,68.0,14
2020-03-18,Montana,4bf58dd8d48988d10f951735,Pharmacies,106.0,87.0,108.0,15
2020-03-18,Montana,4bf58dd8d48988d1ca941735,Pizza Places,76.0,"",77.0,16
2020-03-18,Montana,4bf58dd8d48988d13d941735,High Schools,63.0,85.0,62.0,17
2020-03-18,Montana,4bf58dd8d48988d163941735,Parks,76.0,"",76.0,18
2020-03-18,Montana,4bf58dd8d48988d177941735,Doctor's Offices,74.0,73.0,74.0,19
2020-03-18,Montana,4bf58dd8d48988d1ed931735,Airports,51.0,"",52.0,20
2020-03-18,Montana,4bf58dd8d48988d1fb931735,Motels,103.0,"",103.0,21
2020-03-18,Montana,4bf58dd8d48988d172941735,Post Offices,80.0,"",81.0,21
2020-03-18,Montana,4bf58dd8d48988d124951735,Automotive Shops,96.0,"",98.0,22
2020-03-18,Montana,4bf58dd8d48988d1e6941735,Golf Courses,101.0,"",103.0,23
2020-03-18,Montana,4bf58dd8d48988d1cc941735,Steakhouses,70.0,"",70.0,24
2020-03-18,Montana,4bf58dd8d48988d1c1941735,Mexican Restaurants,52.0,"",52.0,25
2020-03-18,Montana,4bf58dd8d48988d16d941735,Cafés,83.0,"",85.0,26
2020-03-18,Montana,4bf58dd8d48988d1c5941735,Sandwich Places,54.0,"",55.0,27
2020-03-18,Montana,4bf58dd8d48988d124941735,Offices,55.0,"",55.0,27
2020-03-18,Montana,4eb1c1623b7b52c0e1adc2ec,Auto Dealerships,87.0,"",90.0,28
2020-03-18,Montana,5bae9231bedf3950379f89cb,Inns,100.0,"",101.0,29
2020-03-18,Montana,4bf58dd8d48988d1c4941735,Restaurants,66.0,"",67.0,29
2020-03-18,Montana,4bf58dd8d48988d1f6941735,Department Stores,83.0,"",85.0,29
2020-03-18,Montana,4bf58dd8d48988d10a951735,Banks,79.0,"",79.0,29
2020-03-19,Montana,4bf58dd8d48988d113951735,Gas Stations,82.0,73.0,82.0,1
2020-03-19,Montana,4bf58dd8d48988d118951735,Grocery Stores,93.0,83.0,94.0,2
2020-03-19,Montana,4bf58dd8d48988d116941735,Bars,48.0,43.0,49.0,3
2020-03-19,Montana,4bf58dd8d48988d16e941735,Fast Food Restaurants,64.0,50.0,65.0,4
2020-03-19,Montana,52f2ab2ebcbc57f1066b8b42,Big Box Stores,75.0,64.0,75.0,5
2020-03-19,Montana,4bf58dd8d48988d1fa931735,Hotels,42.0,31.0,43.0,6
2020-03-19,Montana,4bf58dd8d48988d14e941735,American Restaurants,48.0,46.0,49.0,7
2020-03-19,Montana,4bf58dd8d48988d112951735,Hardware Stores,97.0,101.0,96.0,8
2020-03-19,Montana,50327c8591d4c4b30a586d5d,Breweries,61.0,59.0,61.0,9
2020-03-19,Montana,4bf58dd8d48988d1ff941735,Miscellaneous Shops,100.0,108.0,99.0,10
2020-03-19,Montana,4bf58dd8d48988d1e0931735,Coffee Shops,71.0,57.0,72.0,11
2020-03-19,Montana,4d954b0ea243a5684a65b473,Convenience Stores,89.0,"",90.0,12
2020-03-19,Montana,52e816a6bcbc57f1066b7a54,Warehouse Stores,111.0,93.0,113.0,13
2020-03-19,Montana,4bf58dd8d48988d163941735,Parks,84.0,"",86.0,14
2020-03-19,Montana,4bf58dd8d48988d196941735,Hospitals,54.0,"",55.0,15
2020-03-19,Montana,4bf58dd8d48988d10f951735,Pharmacies,97.0,71.0,100.0,16
2020-03-19,Montana,4bf58dd8d48988d1ca941735,Pizza Places,72.0,"",73.0,17
2020-03-19,Montana,4bf58dd8d48988d13d941735,High Schools,49.0,"",49.0,18
2020-03-19,Montana,4bf58dd8d48988d1c5941735,Sandwich Places,64.0,"",64.0,19
2020-03-19,Montana,4bf58dd8d48988d1c1941735,Mexican Restaurants,57.0,"",57.0,20
2020-03-19,Montana,4bf58dd8d48988d124951735,Automotive Shops,88.0,"",91.0,21
2020-03-19,Montana,4bf58dd8d48988d1ed931735,Airports,43.0,"",43.0,22
2020-03-19,Montana,4bf58dd8d48988d1e6941735,Golf Courses,96.0,"",98.0,22
2020-03-19,Montana,4bf58dd8d48988d172941735,Post Offices,82.0,"",82.0,23
2020-03-19,Montana,4bf58dd8d48988d1fb931735,Motels,92.0,"",94.0,23
2020-03-19,Montana,4bf58dd8d48988d16d941735,Cafés,77.0,"",77.0,24
2020-03-19,Montana,4bf58dd8d48988d177941735,Doctor's Offices,49.0,"",49.0,25
2020-03-19,Montana,4bf58dd8d48988d1c4941735,Restaurants,59.0,"",59.0,26
2020-03-19,Montana,5bae9231bedf3950379f89cb,Inns,100.0,"",102.0,27
2020-03-19,Montana,4bf58dd8d48988d1cc941735,Steakhouses,59.0,"",59.0,28
2020-03-20,Montana,4bf58dd8d48988d113951735,Gas Stations,89.0,84.0,89.0,1
2020-03-20,Montana,4bf58dd8d48988d118951735,Grocery Stores,95.0,82.0,96.0,2
2020-03-20,Montana,4bf58dd8d48988d16e941735,Fast Food Restaurants,72.0,55.0,72.0,3
2020-03-20,Montana,4bf58dd8d48988d116941735,Bars,45.0,36.0,45.0,4
2020-03-20,Montana,52f2ab2ebcbc57f1066b8b42,Big Box Stores,78.0,51.0,80.0,5
2020-03-20,Montana,4bf58dd8d48988d14e941735,American Restaurants,54.0,52.0,54.0,6
2020-03-20,Montana,4bf58dd8d48988d1fa931735,Hotels,37.0,33.0,38.0,7
2020-03-20,Montana,50327c8591d4c4b30a586d5d,Breweries,61.0,47.0,62.0,8
2020-03-20,Montana,4bf58dd8d48988d112951735,Hardware Stores,92.0,91.0,92.0,9
2020-03-20,Montana,4bf58dd8d48988d1ff941735,Miscellaneous Shops,102.0,90.0,102.0,10
2020-03-20,Montana,52e816a6bcbc57f1066b7a54,Warehouse Stores,114.0,86.0,117.0,11
2020-03-20,Montana,4d954b0ea243a5684a65b473,Convenience Stores,88.0,76.0,88.0,12
2020-03-20,Montana,4bf58dd8d48988d1e0931735,Coffee Shops,61.0,"",62.0,13
2020-03-20,Montana,4bf58dd8d48988d163941735,Parks,90.0,"",91.0,14
2020-03-20,Montana,4bf58dd8d48988d10f951735,Pharmacies,84.0,62.0,87.0,15
2020-03-20,Montana,4bf58dd8d48988d1ca941735,Pizza Places,64.0,"",63.0,16
2020-03-20,Montana,4bf58dd8d48988d196941735,Hospitals,60.0,"",61.0,17
2020-03-20,Montana,4bf58dd8d48988d13d941735,High Schools,45.0,"",45.0,18
2020-03-20,Montana,4bf58dd8d48988d1c1941735,Mexican Restaurants,60.0,"",60.0,19
2020-03-20,Montana,4bf58dd8d48988d1c5941735,Sandwich Places,68.0,"",68.0,20
2020-03-20,Montana,4bf58dd8d48988d172941735,Post Offices,85.0,"",86.0,21
2020-03-20,Montana,4bf58dd8d48988d124951735,Automotive Shops,91.0,"",92.0,21
2020-03-20,Montana,4bf58dd8d48988d1ed931735,Airports,43.0,"",43.0,22
2020-03-20,Montana,4bf58dd8d48988d1e6941735,Golf Courses,95.0,"",96.0,23
2020-03-20,Montana,4bf58dd8d48988d177941735,Doctor's Offices,61.0,58.0,61.0,24
2020-03-20,Montana,4eb1c1623b7b52c0e1adc2ec,Auto Dealerships,96.0,"",97.0,25
2020-03-20,Montana,4bf58dd8d48988d16d941735,Cafés,89.0,"",90.0,26
2020-03-20,Montana,4bf58dd8d48988d1fb931735,Motels,85.0,"",87.0,27
2020-03-20,Montana,4bf58dd8d48988d10a951735,Banks,79.0,"",78.0,28
2020-03-20,Montana,4bf58dd8d48988d1cc941735,Steakhouses,53.0,"",54.0,29
2020-03-20,Montana,4bf58dd8d48988d1c4941735,Restaurants,52.0,"",54.0,30
2020-03-20,Montana,4bf58dd8d48988d16c941735,Burger Joints,61.0,"",62.0,31
2020-03-20,Montana,5bae9231bedf3950379f89cb,Inns,101.0,"",102.0,32
2020-03-20,Montana,4bf58dd8d48988d161941735,Lakes,96.0,"",97.0,32
2020-03-20,Montana,4bf58dd8d48988d159941735,Trails,99.0,"",101.0,33
2020-03-21,Montana,4bf58dd8d48988d113951735,Gas Stations,85.0,95.0,85.0,1
2020-03-21,Montana,4bf58dd8d48988d118951735,Grocery Stores,89.0,74.0,90.0,2
2020-03-21,Montana,52f2ab2ebcbc57f1066b8b42,Big Box Stores,71.0,67.0,71.0,3
2020-03-21,Montana,4bf58dd8d48988d16e941735,Fast Food Restaurants,68.0,70.0,68.0,4
2020-03-21,Montana,4bf58dd8d48988d116941735,Bars,32.0,30.0,32.0,5
2020-03-21,Montana,4bf58dd8d48988d112951735,Hardware Stores,102.0,86.0,103.0,6
2020-03-21,Montana,4bf58dd8d48988d14e941735,American Restaurants,36.0,34.0,36.0,7
2020-03-21,Montana,4bf58dd8d48988d1fa931735,Hotels,30.0,26.0,30.0,8
2020-03-21,Montana,4bf58dd8d48988d1ff941735,Miscellaneous Shops,100.0,101.0,100.0,9
2020-03-21,Montana,50327c8591d4c4b30a586d5d,Breweries,48.0,44.0,48.0,10
2020-03-21,Montana,4bf58dd8d48988d163941735,Parks,103.0,130.0,102.0,11
2020-03-21,Montana,52e816a6bcbc57f1066b7a54,Warehouse Stores,70.0,62.0,71.0,12
2020-03-21,Montana,4d954b0ea243a5684a65b473,Convenience Stores,90.0,"",90.0,13
2020-03-21,Montana,4bf58dd8d48988d1e0931735,Coffee Shops,55.0,"",55.0,14
2020-03-21,Montana,4bf58dd8d48988d1ca941735,Pizza Places,64.0,"",64.0,15
2020-03-21,Montana,4bf58dd8d48988d13d941735,High Schools,52.0,"",52.0,16
2020-03-21,Montana,4bf58dd8d48988d10f951735,Pharmacies,66.0,"",66.0,17
2020-03-21,Montana,4bf58dd8d48988d159941735,Trails,122.0,"",121.0,18
2020-03-21,Montana,4bf58dd8d48988d1e6941735,Golf Courses,100.0,"",100.0,19
2020-03-21,Montana,4bf58dd8d48988d1ed931735,Airports,46.0,"",47.0,20
2020-03-21,Montana,4bf58dd8d48988d161941735,Lakes,102.0,"",100.0,21
2020-03-21,Montana,4bf58dd8d48988d1f2941735,Sporting Goods Shops,62.0,"",63.0,22
2020-03-21,Montana,4bf58dd8d48988d16c941735,Burger Joints,54.0,"",53.0,23
2020-03-21,Montana,4bf58dd8d48988d124951735,Automotive Shops,73.0,"",74.0,24
2020-03-21,Montana,4bf58dd8d48988d1c5941735,Sandwich Places,53.0,"",53.0,24
2020-03-21,Montana,4bf58dd8d48988d1c1941735,Mexican Restaurants,38.0,"",38.0,25
2020-03-21,Montana,4bf58dd8d48988d1e4941735,Campgrounds,107.0,"",107.0,26
2020-03-22,Montana,4bf58dd8d48988d113951735,Gas Stations,79.0,74.0,79.0,1
2020-03-22,Montana,4bf58dd8d48988d118951735,Grocery Stores,75.0,76.0,75.0,2
2020-03-22,Montana,52f2ab2ebcbc57f1066b8b42,Big Box Stores,63.0,51.0,63.0,3
2020-03-22,Montana,4bf58dd8d48988d16e941735,Fast Food Restaurants,69.0,70.0,69.0,4
2020-03-22,Montana,4bf58dd8d48988d116941735,Bars,30.0,42.0,29.0,5
2020-03-22,Montana,4bf58dd8d48988d112951735,Hardware Stores,87.0,65.0,88.0,6
2020-03-22,Montana,4bf58dd8d48988d14e941735,American Restaurants,37.0,42.0,36.0,7
2020-03-22,Montana,4bf58dd8d48988d1fa931735,Hotels,29.0,"",29.0,8
2020-03-22,Montana,50327c8591d4c4b30a586d5d,Breweries,49.0,"",48.0,9
2020-03-22,Montana,4d954b0ea243a5684a65b473,Convenience Stores,79.0,"",79.0,10
2020-03-22,Montana,4bf58dd8d48988d163941735,Parks,90.0,"",90.0,11
2020-03-22,Montana,4bf58dd8d48988d1ff941735,Miscellaneous Shops,79.0,"",78.0,12
2020-03-22,Montana,4bf58dd8d48988d1e0931735,Coffee Shops,57.0,"",57.0,13
2020-03-22,Montana,52e816a6bcbc57f1066b7a54,Warehouse Stores,57.0,"",57.0,14
2020-03-22,Montana,4bf58dd8d48988d1ca941735,Pizza Places,62.0,"",62.0,15
2020-03-22,Montana,4bf58dd8d48988d1e6941735,Golf Courses,94.0,"",93.0,16
2020-03-22,Montana,4bf58dd8d48988d1ed931735,Airports,48.0,"",49.0,17
2020-03-22,Montana,4bf58dd8d48988d13d941735,High Schools,72.0,"",73.0,18
2020-03-22,Montana,4bf58dd8d48988d1c5941735,Sandwich Places,68.0,"",68.0,19
2020-03-22,Montana,4bf58dd8d48988d10f951735,Pharmacies,66.0,"",67.0,20
2020-03-23,Montana,4bf58dd8d48988d113951735,Gas Stations,90.0,87.0,90.0,1
2020-03-23,Montana,4bf58dd8d48988d118951735,Grocery Stores,92.0,89.0,92.0,2
2020-03-23,Montana,4bf58dd8d48988d16e941735,Fast Food Restaurants,78.0,75.0,78.0,3
2020-03-23,Montana,52f2ab2ebcbc57f1066b8b42,Big Box Stores,79.0,77.0,79.0,4
2020-03-23,Montana,4bf58dd8d48988d116941735,Bars,42.0,45.0,42.0,5
2020-03-23,Montana,4bf58dd8d48988d14e941735,American Restaurants,56.0,45.0,57.0,6
2020-03-23,Montana,4bf58dd8d48988d1fa931735,Hotels,39.0,40.0,39.0,7
2020-03-23,Montana,4bf58dd8d48988d112951735,Hardware Stores,101.0,97.0,101.0,8
2020-03-23,Montana,4bf58dd8d48988d1ff941735,Miscellaneous Shops,109.0,108.0,109.0,9
2020-03-23,Montana,50327c8591d4c4b30a586d5d,Breweries,65.0,62.0,65.0,10
2020-03-23,Montana,4bf58dd8d48988d1e0931735,Coffee Shops,74.0,60.0,74.0,11
2020-03-23,Montana,4bf58dd8d48988d163941735,Parks,109.0,110.0,108.0,12
2020-03-23,Montana,4d954b0ea243a5684a65b473,Convenience Stores,91.0,"",92.0,13
2020-03-23,Montana,52e816a6bcbc57f1066b7a54,Warehouse Stores,93.0,64.0,97.0,14
2020-03-23,Montana,4bf58dd8d48988d10f951735,Pharmacies,100.0,66.0,103.0,15
2020-03-23,Montana,4bf58dd8d48988d196941735,Hospitals,57.0,"",58.0,16
2020-03-23,Montana,4bf58dd8d48988d1e6941735,Golf Courses,131.0,154.0,129.0,17
2020-03-23,Montana,4bf58dd8d48988d1ca941735,Pizza Places,64.0,"",66.0,18
2020-03-23,Montana,4bf58dd8d48988d13d941735,High Schools,66.0,"",66.0,19
2020-03-23,Montana,4bf58dd8d48988d172941735,Post Offices,89.0,74.0,91.0,20
2020-03-23,Montana,4bf58dd8d48988d177941735,Doctor's Offices,63.0,"",65.0,20
2020-03-23,Montana,4bf58dd8d48988d1ed931735,Airports,45.0,"",44.0,21
2020-03-23,Montana,4bf58dd8d48988d1c5941735,Sandwich Places,79.0,"",79.0,22
2020-03-23,Montana,4bf58dd8d48988d124951735,Automotive Shops,96.0,"",95.0,23
2020-03-23,Montana,4bf58dd8d48988d1c1941735,Mexican Restaurants,64.0,"",65.0,24
2020-03-23,Montana,4bf58dd8d48988d1c4941735,Restaurants,69.0,"",70.0,25
2020-03-23,Montana,4bf58dd8d48988d1fb931735,Motels,83.0,"",84.0,26
2020-03-23,Montana,4eb1c1623b7b52c0e1adc2ec,Auto Dealerships,96.0,"",96.0,27
2020-03-23,Montana,4bf58dd8d48988d161941735,Lakes,93.0,"",94.0,28
2020-03-23,Montana,4bf58dd8d48988d124941735,Offices,58.0,"",59.0,29
2020-03-24,Montana,4bf58dd8d48988d113951735,Gas Stations,76.0,70.0,76.0,1
2020-03-24,Montana,4bf58dd8d48988d118951735,Grocery Stores,82.0,83.0,82.0,2
2020-03-24,Montana,4bf58dd8d48988d16e941735,Fast Food Restaurants,78.0,64.0,78.0,3
2020-03-24,Montana,52f2ab2ebcbc57f1066b8b42,Big Box Stores,82.0,83.0,82.0,4
2020-03-24,Montana,4bf58dd8d48988d116941735,Bars,37.0,32.0,37.0,5
2020-03-24,Montana,4bf58dd8d48988d14e941735,American Restaurants,49.0,43.0,50.0,6
2020-03-24,Montana,4bf58dd8d48988d112951735,Hardware Stores,91.0,88.0,91.0,7
2020-03-24,Montana,4bf58dd8d48988d1fa931735,Hotels,33.0,25.0,34.0,8
2020-03-24,Montana,50327c8591d4c4b30a586d5d,Breweries,58.0,49.0,58.0,9
2020-03-24,Montana,4bf58dd8d48988d1ff941735,Miscellaneous Shops,94.0,105.0,94.0,10
2020-03-24,Montana,4d954b0ea243a5684a65b473,Convenience Stores,92.0,"",93.0,11
2020-03-24,Montana,4bf58dd8d48988d1e0931735,Coffee Shops,63.0,55.0,63.0,12
2020-03-24,Montana,4bf58dd8d48988d163941735,Parks,87.0,85.0,87.0,13
2020-03-24,Montana,4bf58dd8d48988d196941735,Hospitals,54.0,"",55.0,14
2020-03-24,Montana,52e816a6bcbc57f1066b7a54,Warehouse Stores,92.0,63.0,96.0,15
2020-03-24,Montana,4bf58dd8d48988d1ca941735,Pizza Places,67.0,"",68.0,16
2020-03-24,Montana,4bf58dd8d48988d13d941735,High Schools,50.0,"",49.0,17
2020-03-24,Montana,4bf58dd8d48988d172941735,Post Offices,81.0,"",82.0,18
2020-03-24,Montana,4bf58dd8d48988d10f951735,Pharmacies,73.0,"",75.0,19
2020-03-24,Montana,4bf58dd8d48988d1c5941735,Sandwich Places,61.0,"",61.0,20
2020-03-24,Montana,4bf58dd8d48988d124951735,Automotive Shops,82.0,"",84.0,21
2020-03-24,Montana,4bf58dd8d48988d1e6941735,Golf Courses,95.0,91.0,95.0,22
2020-03-24,Montana,4bf58dd8d48988d1ed931735,Airports,39.0,"",40.0,23
2020-03-24,Montana,4bf58dd8d48988d177941735,Doctor's Offices,43.0,"",44.0,24
2020-03-24,Montana,4bf58dd8d48988d1c4941735,Restaurants,65.0,"",65.0,25
2020-03-24,Montana,4eb1c1623b7b52c0e1adc2ec,Auto Dealerships,77.0,"",78.0,26
2020-03-24,Montana,4bf58dd8d48988d1c1941735,Mexican Restaurants,47.0,"",48.0,27
2020-03-24,Montana,4bf58dd8d48988d161941735,Lakes,94.0,"",95.0,28
2020-03-24,Montana,4bf58dd8d48988d159941735,Trails,104.0,"",104.0,29
2020-03-25,Montana,4bf58dd8d48988d113951735,Gas Stations,81.0,73.0,81.0,1
2020-03-25,Montana,4bf58dd8d48988d118951735,Grocery Stores,78.0,68.0,79.0,2
2020-03-25,Montana,52f2ab2ebcbc57f1066b8b42,Big Box Stores,82.0,73.0,83.0,3
2020-03-25,Montana,4bf58dd8d48988d16e941735,Fast Food Restaurants,63.0,55.0,63.0,4
2020-03-25,Montana,4bf58dd8d48988d116941735,Bars,38.0,35.0,38.0,5
2020-03-25,Montana,4bf58dd8d48988d112951735,Hardware Stores,97.0,74.0,99.0,6
2020-03-25,Montana,4bf58dd8d48988d14e941735,American Restaurants,44.0,48.0,44.0,7
2020-03-25,Montana,4bf58dd8d48988d1fa931735,Hotels,34.0,26.0,35.0,8
2020-03-25,Montana,50327c8591d4c4b30a586d5d,Breweries,58.0,56.0,58.0,9
2020-03-25,Montana,4d954b0ea243a5684a65b473,Convenience Stores,81.0,"",81.0,10
2020-03-25,Montana,4bf58dd8d48988d1e0931735,Coffee Shops,60.0,62.0,59.0,11
2020-03-25,Montana,4bf58dd8d48988d1ff941735,Miscellaneous Shops,76.0,68.0,77.0,12
2020-03-25,Montana,4bf58dd8d48988d163941735,Parks,83.0,"",83.0,13
2020-03-25,Montana,4bf58dd8d48988d196941735,Hospitals,56.0,"",57.0,14
2020-03-25,Montana,4bf58dd8d48988d1ca941735,Pizza Places,65.0,"",66.0,15
2020-03-25,Montana,4bf58dd8d48988d10f951735,Pharmacies,82.0,"",85.0,16
2020-03-25,Montana,4bf58dd8d48988d172941735,Post Offices,84.0,88.0,84.0,17
2020-03-25,Montana,52e816a6bcbc57f1066b7a54,Warehouse Stores,71.0,49.0,73.0,18
2020-03-25,Montana,4bf58dd8d48988d13d941735,High Schools,45.0,"",43.0,19
2020-03-25,Montana,4bf58dd8d48988d1ed931735,Airports,40.0,"",40.0,20
2020-03-25,Montana,4bf58dd8d48988d1c5941735,Sandwich Places,59.0,"",60.0,20
2020-03-25,Montana,4bf58dd8d48988d124951735,Automotive Shops,78.0,"",80.0,21
2020-03-25,Montana,4bf58dd8d48988d177941735,Doctor's Offices,51.0,"",53.0,22
2020-03-25,Montana,4bf58dd8d48988d16d941735,Cafés,75.0,"",75.0,23
2020-03-26,Montana,4bf58dd8d48988d113951735,Gas Stations,83.0,74.0,83.0,1
2020-03-26,Montana,4bf58dd8d48988d118951735,Grocery Stores,84.0,78.0,84.0,2
2020-03-26,Montana,52f2ab2ebcbc57f1066b8b42,Big Box Stores,77.0,68.0,77.0,3
2020-03-26,Montana,4bf58dd8d48988d16e941735,Fast Food Restaurants,65.0,58.0,65.0,4
2020-03-26,Montana,4bf58dd8d48988d116941735,Bars,36.0,34.0,36.0,5
2020-03-26,Montana,4bf58dd8d48988d112951735,Hardware Stores,98.0,100.0,98.0,6
2020-03-26,Montana,4bf58dd8d48988d1fa931735,Hotels,37.0,22.0,38.0,7
2020-03-26,Montana,4bf58dd8d48988d14e941735,American Restaurants,42.0,32.0,43.0,8
2020-03-26,Montana,50327c8591d4c4b30a586d5d,Breweries,55.0,43.0,56.0,9
2020-03-26,Montana,4bf58dd8d48988d1ff941735,Miscellaneous Shops,89.0,86.0,89.0,10
2020-03-26,Montana,4d954b0ea243a5684a65b473,Convenience Stores,79.0,"",79.0,11
2020-03-26,Montana,52e816a6bcbc57f1066b7a54,Warehouse Stores,99.0,91.0,100.0,12
2020-03-26,Montana,4bf58dd8d48988d1e0931735,Coffee Shops,55.0,47.0,56.0,13
2020-03-26,Montana,4bf58dd8d48988d163941735,Parks,77.0,"",78.0,14
2020-03-26,Montana,4bf58dd8d48988d1ca941735,Pizza Places,70.0,"",70.0,15
2020-03-26,Montana,4bf58dd8d48988d10f951735,Pharmacies,89.0,58.0,93.0,16
2020-03-26,Montana,4bf58dd8d48988d196941735,Hospitals,49.0,"",49.0,16
2020-03-26,Montana,4bf58dd8d48988d13d941735,High Schools,50.0,"",50.0,17
2020-03-26,Montana,4bf58dd8d48988d1c5941735,Sandwich Places,66.0,"",66.0,18
2020-03-26,Montana,4bf58dd8d48988d1ed931735,Airports,43.0,61.0,42.0,19
2020-03-26,Montana,4bf58dd8d48988d124951735,Automotive Shops,83.0,107.0,81.0,20
2020-03-26,Montana,4bf58dd8d48988d172941735,Post Offices,74.0,"",74.0,21
2020-03-26,Montana,4bf58dd8d48988d1e6941735,Golf Courses,88.0,"",89.0,22
2020-03-26,Montana,4bf58dd8d48988d1c1941735,Mexican Restaurants,49.0,"",49.0,23
2020-03-26,Montana,4bf58dd8d48988d177941735,Doctor's Offices,46.0,"",46.0,24
2020-03-26,Montana,4bf58dd8d48988d1fb931735,Motels,74.0,"",75.0,25
2020-03-27,Montana,4bf58dd8d48988d118951735,Grocery Stores,98.0,100.0,98.0,1
2020-03-27,Montana,4bf58dd8d48988d113951735,Gas Stations,81.0,83.0,81.0,2
2020-03-27,Montana,52f2ab2ebcbc57f1066b8b42,Big Box Stores,92.0,91.0,92.0,3
2020-03-27,Montana,4bf58dd8d48988d16e941735,Fast Food Restaurants,69.0,79.0,69.0,4
2020-03-27,Montana,4bf58dd8d48988d116941735,Bars,37.0,37.0,37.0,5
2020-03-27,Montana,4bf58dd8d48988d112951735,Hardware Stores,112.0,117.0,111.0,6
2020-03-27,Montana,50327c8591d4c4b30a586d5d,Breweries,59.0,55.0,59.0,7
2020-03-27,Montana,4bf58dd8d48988d14e941735,American Restaurants,41.0,36.0,41.0,8
2020-03-27,Montana,4bf58dd8d48988d1ff941735,Miscellaneous Shops,99.0,107.0,99.0,9
2020-03-27,Montana,4bf58dd8d48988d1fa931735,Hotels,32.0,26.0,33.0,10
2020-03-27,Montana,52e816a6bcbc57f1066b7a54,Warehouse Stores,112.0,95.0,114.0,11
2020-03-27,Montana,4d954b0ea243a5684a65b473,Convenience Stores,81.0,78.0,81.0,12
2020-03-27,Montana,4bf58dd8d48988d1e0931735,Coffee Shops,61.0,59.0,61.0,13
2020-03-27,Montana,4bf58dd8d48988d163941735,Parks,87.0,82.0,87.0,14
2020-03-27,Montana,4bf58dd8d48988d13d941735,High Schools,55.0,"",55.0,15
2020-03-27,Montana,4bf58dd8d48988d1ca941735,Pizza Places,61.0,"",62.0,16
2020-03-27,Montana,4bf58dd8d48988d10f951735,Pharmacies,77.0,67.0,78.0,17
2020-03-27,Montana,4bf58dd8d48988d196941735,Hospitals,53.0,"",54.0,18
2020-03-27,Montana,4bf58dd8d48988d172941735,Post Offices,80.0,83.0,80.0,19
2020-03-27,Montana,4bf58dd8d48988d124951735,Automotive Shops,85.0,"",85.0,20
2020-03-27,Montana,4bf58dd8d48988d1c5941735,Sandwich Places,63.0,"",63.0,21
2020-03-27,Montana,4bf58dd8d48988d1e6941735,Golf Courses,94.0,110.0,93.0,22
2020-03-27,Montana,4bf58dd8d48988d1c1941735,Mexican Restaurants,44.0,"",44.0,23
2020-03-27,Montana,4bf58dd8d48988d1fb931735,Motels,82.0,"",85.0,23
2020-03-27,Montana,4bf58dd8d48988d177941735,Doctor's Offices,54.0,"",56.0,24
2020-03-27,Montana,4bf58dd8d48988d1ed931735,Airports,32.0,"",32.0,25
2020-03-27,Montana,4bf58dd8d48988d16d941735,Cafés,79.0,"",79.0,26
2020-03-27,Montana,4eb1c1623b7b52c0e1adc2ec,Auto Dealerships,81.0,"",83.0,27
2020-03-28,Montana,4bf58dd8d48988d113951735,Gas Stations,66.0,76.0,66.0,1
2020-03-28,Montana,4bf58dd8d48988d118951735,Grocery Stores,64.0,60.0,65.0,2
2020-03-28,Montana,52f2ab2ebcbc57f1066b8b42,Big Box Stores,50.0,45.0,50.0,3
2020-03-28,Montana,4bf58dd8d48988d16e941735,Fast Food Restaurants,49.0,47.0,49.0,4
2020-03-28,Montana,4bf58dd8d48988d116941735,Bars,22.0,24.0,22.0,5
2020-03-28,Montana,4bf58dd8d48988d112951735,Hardware Stores,61.0,55.0,62.0,6
2020-03-28,Montana,4bf58dd8d48988d14e941735,American Restaurants,29.0,30.0,29.0,7
2020-03-28,Montana,50327c8591d4c4b30a586d5d,Breweries,39.0,46.0,39.0,8
2020-03-28,Montana,4bf58dd8d48988d1ff941735,Miscellaneous Shops,71.0,"",71.0,9
2020-03-28,Montana,4bf58dd8d48988d1fa931735,Hotels,23.0,"",23.0,10
2020-03-28,Montana,52e816a6bcbc57f1066b7a54,Warehouse Stores,49.0,"",50.0,11
2020-03-28,Montana,4bf58dd8d48988d163941735,Parks,72.0,"",72.0,12
2020-03-28,Montana,4d954b0ea243a5684a65b473,Convenience Stores,65.0,"",65.0,13
2020-03-28,Montana,4bf58dd8d48988d1e0931735,Coffee Shops,40.0,"",40.0,14
2020-03-28,Montana,4bf58dd8d48988d1ca941735,Pizza Places,46.0,"",47.0,15
2020-03-28,Montana,4bf58dd8d48988d1e6941735,Golf Courses,90.0,"",90.0,16
2020-03-28,Montana,4bf58dd8d48988d13d941735,High Schools,46.0,"",46.0,17
2020-03-28,Montana,4bf58dd8d48988d10f951735,Pharmacies,53.0,"",53.0,18
2020-03-28,Montana,4bf58dd8d48988d159941735,Trails,94.0,"",93.0,19
2020-03-29,Montana,4bf58dd8d48988d113951735,Gas Stations,59.0,64.0,59.0,1
2020-03-29,Montana,4bf58dd8d48988d118951735,Grocery Stores,51.0,54.0,51.0,2
2020-03-29,Montana,4bf58dd8d48988d16e941735,Fast Food Restaurants,48.0,45.0,48.0,3
2020-03-29,Montana,52f2ab2ebcbc57f1066b8b42,Big Box Stores,41.0,38.0,41.0,4
2020-03-29,Montana,4bf58dd8d48988d116941735,Bars,23.0,28.0,23.0,5
2020-03-29,Montana,4bf58dd8d48988d14e941735,American Restaurants,29.0,39.0,28.0,6
2020-03-29,Montana,4bf58dd8d48988d112951735,Hardware Stores,62.0,69.0,61.0,7
2020-03-29,Montana,50327c8591d4c4b30a586d5d,Breweries,42.0,"",42.0,8
2020-03-29,Montana,4bf58dd8d48988d163941735,Parks,86.0,"",86.0,9
2020-03-29,Montana,4bf58dd8d48988d1ff941735,Miscellaneous Shops,69.0,"",68.0,10
2020-03-29,Montana,4bf58dd8d48988d1fa931735,Hotels,18.0,"",18.0,11
2020-03-29,Montana,4d954b0ea243a5684a65b473,Convenience Stores,55.0,"",55.0,12
2020-03-29,Montana,4bf58dd8d48988d1e0931735,Coffee Shops,42.0,"",42.0,13
2020-03-29,Montana,52e816a6bcbc57f1066b7a54,Warehouse Stores,40.0,"",40.0,14
2020-03-30,Montana,4bf58dd8d48988d113951735,Gas Stations,70.0,70.0,70.0,1
2020-03-30,Montana,4bf58dd8d48988d118951735,Grocery Stores,71.0,76.0,70.0,2
2020-03-30,Montana,4bf58dd8d48988d16e941735,Fast Food Restaurants,60.0,56.0,61.0,3
2020-03-30,Montana,4bf58dd8d48988d116941735,Bars,34.0,31.0,34.0,4
2020-03-30,Montana,52f2ab2ebcbc57f1066b8b42,Big Box Stores,56.0,63.0,56.0,5
2020-03-30,Montana,4bf58dd8d48988d112951735,Hardware Stores,88.0,88.0,88.0,6
2020-03-30,Montana,4bf58dd8d48988d14e941735,American Restaurants,44.0,46.0,44.0,7
2020-03-30,Montana,50327c8591d4c4b30a586d5d,Breweries,56.0,50.0,57.0,8
2020-03-30,Montana,4bf58dd8d48988d1ff941735,Miscellaneous Shops,83.0,93.0,82.0,9
2020-03-30,Montana,4bf58dd8d48988d1fa931735,Hotels,29.0,34.0,29.0,10
2020-03-30,Montana,4d954b0ea243a5684a65b473,Convenience Stores,73.0,"",73.0,11
2020-03-30,Montana,4bf58dd8d48988d1e0931735,Coffee Shops,54.0,"",55.0,12
2020-03-30,Montana,4bf58dd8d48988d163941735,Parks,87.0,"",87.0,13
2020-03-30,Montana,4bf58dd8d48988d196941735,Hospitals,51.0,"",52.0,14
2020-03-30,Montana,4bf58dd8d48988d1ca941735,Pizza Places,57.0,"",57.0,15
2020-03-30,Montana,4bf58dd8d48988d172941735,Post Offices,81.0,76.0,81.0,16
2020-03-30,Montana,4bf58dd8d48988d13d941735,High Schools,58.0,"",57.0,17
2020-03-30,Montana,4bf58dd8d48988d1e6941735,Golf Courses,94.0,111.0,93.0,18
2020-03-30,Montana,52e816a6bcbc57f1066b7a54,Warehouse Stores,64.0,54.0,66.0,19
2020-03-30,Montana,4bf58dd8d48988d124951735,Automotive Shops,84.0,"",85.0,20
2020-03-30,Montana,4bf58dd8d48988d1ed931735,Airports,33.0,"",33.0,21
2020-03-30,Montana,4bf58dd8d48988d10f951735,Pharmacies,60.0,"",61.0,22
2020-03-30,Montana,4bf58dd8d48988d177941735,Doctor's Offices,48.0,"",49.0,23
2020-03-31,Montana,4bf58dd8d48988d113951735,Gas Stations,65.0,57.0,66.0,1
2020-03-31,Montana,4bf58dd8d48988d118951735,Grocery Stores,65.0,65.0,65.0,2
2020-03-31,Montana,4bf58dd8d48988d16e941735,Fast Food Restaurants,59.0,47.0,59.0,3
2020-03-31,Montana,52f2ab2ebcbc57f1066b8b42,Big Box Stores,61.0,54.0,62.0,4
2020-03-31,Montana,4bf58dd8d48988d116941735,Bars,30.0,22.0,31.0,5
2020-03-31,Montana,50327c8591d4c4b30a586d5d,Breweries,54.0,45.0,55.0,6
2020-03-31,Montana,4bf58dd8d48988d112951735,Hardware Stores,77.0,66.0,78.0,7
2020-03-31,Montana,4bf58dd8d48988d14e941735,American Restaurants,36.0,29.0,37.0,8
2020-03-31,Montana,4bf58dd8d48988d1fa931735,Hotels,26.0,23.0,26.0,9
2020-03-31,Montana,4bf58dd8d48988d1ff941735,Miscellaneous Shops,69.0,76.0,69.0,10
2020-03-31,Montana,4bf58dd8d48988d1e0931735,Coffee Shops,48.0,"",48.0,11
2020-03-31,Montana,4d954b0ea243a5684a65b473,Convenience Stores,60.0,"",59.0,12
2020-03-31,Montana,4bf58dd8d48988d196941735,Hospitals,42.0,"",43.0,13
2020-03-31,Montana,4bf58dd8d48988d163941735,Parks,61.0,"",62.0,14
2020-03-31,Montana,52e816a6bcbc57f1066b7a54,Warehouse Stores,66.0,52.0,68.0,15
2020-03-31,Montana,4bf58dd8d48988d172941735,Post Offices,75.0,"",75.0,16
2020-03-31,Montana,4bf58dd8d48988d13d941735,High Schools,40.0,"",39.0,17
2020-03-31,Montana,4bf58dd8d48988d10f951735,Pharmacies,64.0,"",65.0,17
2020-03-31,Montana,4bf58dd8d48988d124951735,Automotive Shops,71.0,"",73.0,18
2020-03-31,Montana,4bf58dd8d48988d1ca941735,Pizza Places,49.0,"",49.0,19
2020-03-31,Montana,4bf58dd8d48988d177941735,Doctor's Offices,39.0,"",41.0,20
2020-03-31,Montana,4bf58dd8d48988d1e6941735,Golf Courses,77.0,"",77.0,20
